m,TagName,
"2008-07-01 00:00:00","c#","3"
"2008-08-01 00:00:00","javascript","163"
"2008-08-01 00:00:00","perl","28"
"2008-08-01 00:00:00","c#","504"
"2008-08-01 00:00:00","delphi","13"
"2008-08-01 00:00:00","python","119"
"2008-08-01 00:00:00","java","222"
"2008-08-01 00:00:00","ruby","70"
"2008-08-01 00:00:00","c++","164"
"2008-08-01 00:00:00","c","83"
"2008-08-01 00:00:00","php","157"
"2008-08-01 00:00:00","assembly","8"
"2008-09-01 00:00:00","c#","1639"
"2008-09-01 00:00:00","python","537"
"2008-09-01 00:00:00","c++","755"
"2008-09-01 00:00:00","c","320"
"2008-09-01 00:00:00","delphi","104"
"2008-09-01 00:00:00","java","1129"
"2008-09-01 00:00:00","php","474"
"2008-09-01 00:00:00","perl","130"
"2008-09-01 00:00:00","ruby","286"
"2008-09-01 00:00:00","javascript","634"
"2008-09-01 00:00:00","r","6"
"2008-09-01 00:00:00","assembly","28"
"2008-10-01 00:00:00","perl","128"
"2008-10-01 00:00:00","java","1148"
"2008-10-01 00:00:00","c#","1987"
"2008-10-01 00:00:00","javascript","722"
"2008-10-01 00:00:00","python","506"
"2008-10-01 00:00:00","php","604"
"2008-10-01 00:00:00","delphi","112"
"2008-10-01 00:00:00","assembly","16"
"2008-10-01 00:00:00","ruby","247"
"2008-10-01 00:00:00","c","303"
"2008-10-01 00:00:00","c++","807"
"2008-11-01 00:00:00","java","954"
"2008-11-01 00:00:00","r","1"
"2008-11-01 00:00:00","delphi","140"
"2008-11-01 00:00:00","c#","1729"
"2008-11-01 00:00:00","c","258"
"2008-11-01 00:00:00","c++","734"
"2008-11-01 00:00:00","javascript","580"
"2008-11-01 00:00:00","ruby","157"
"2008-11-01 00:00:00","perl","97"
"2008-11-01 00:00:00","python","448"
"2008-11-01 00:00:00","php","497"
"2008-11-01 00:00:00","assembly","16"
"2008-12-01 00:00:00","ruby","159"
"2008-12-01 00:00:00","perl","133"
"2008-12-01 00:00:00","php","474"
"2008-12-01 00:00:00","python","437"
"2008-12-01 00:00:00","java","825"
"2008-12-01 00:00:00","c++","630"
"2008-12-01 00:00:00","c#","1594"
"2008-12-01 00:00:00","r","1"
"2008-12-01 00:00:00","c","188"
"2008-12-01 00:00:00","delphi","134"
"2008-12-01 00:00:00","javascript","625"
"2008-12-01 00:00:00","assembly","17"
"2009-01-01 00:00:00","perl","146"
"2009-01-01 00:00:00","php","627"
"2009-01-01 00:00:00","java","1146"
"2009-01-01 00:00:00","swift","1"
"2009-01-01 00:00:00","delphi","164"
"2009-01-01 00:00:00","python","631"
"2009-01-01 00:00:00","ruby","205"
"2009-01-01 00:00:00","c++","847"
"2009-01-01 00:00:00","r","8"
"2009-01-01 00:00:00","javascript","789"
"2009-01-01 00:00:00","assembly","22"
"2009-01-01 00:00:00","c","317"
"2009-01-01 00:00:00","c#","2374"
"2009-02-01 00:00:00","c","331"
"2009-02-01 00:00:00","javascript","945"
"2009-02-01 00:00:00","perl","163"
"2009-02-01 00:00:00","python","630"
"2009-02-01 00:00:00","r","8"
"2009-02-01 00:00:00","java","1202"
"2009-02-01 00:00:00","c#","2597"
"2009-02-01 00:00:00","ruby","286"
"2009-02-01 00:00:00","c++","841"
"2009-02-01 00:00:00","assembly","36"
"2009-02-01 00:00:00","delphi","167"
"2009-02-01 00:00:00","php","754"
"2009-02-01 00:00:00","swift","1"
"2009-03-01 00:00:00","perl","137"
"2009-03-01 00:00:00","delphi","161"
"2009-03-01 00:00:00","c","429"
"2009-03-01 00:00:00","ruby","329"
"2009-03-01 00:00:00","java","1427"
"2009-03-01 00:00:00","javascript","1007"
"2009-03-01 00:00:00","c#","3156"
"2009-03-01 00:00:00","c++","1046"
"2009-03-01 00:00:00","php","893"
"2009-03-01 00:00:00","swift","1"
"2009-03-01 00:00:00","python","764"
"2009-03-01 00:00:00","assembly","24"
"2009-03-01 00:00:00","r","4"
"2009-04-01 00:00:00","python","770"
"2009-04-01 00:00:00","java","1528"
"2009-04-01 00:00:00","c++","1016"
"2009-04-01 00:00:00","delphi","185"
"2009-04-01 00:00:00","c","455"
"2009-04-01 00:00:00","ruby","358"
"2009-04-01 00:00:00","r","12"
"2009-04-01 00:00:00","assembly","50"
"2009-04-01 00:00:00","c#","3303"
"2009-04-01 00:00:00","php","955"
"2009-04-01 00:00:00","perl","161"
"2009-04-01 00:00:00","javascript","1047"
"2009-05-01 00:00:00","php","1166"
"2009-05-01 00:00:00","ruby","401"
"2009-05-01 00:00:00","assembly","46"
"2009-05-01 00:00:00","delphi","202"
"2009-05-01 00:00:00","javascript","1429"
"2009-05-01 00:00:00","python","995"
"2009-05-01 00:00:00","c","481"
"2009-05-01 00:00:00","c++","1214"
"2009-05-01 00:00:00","java","1813"
"2009-05-01 00:00:00","r","2"
"2009-05-01 00:00:00","perl","196"
"2009-05-01 00:00:00","swift","2"
"2009-05-01 00:00:00","c#","3548"
"2009-06-01 00:00:00","python","1042"
"2009-06-01 00:00:00","c#","3880"
"2009-06-01 00:00:00","javascript","1551"
"2009-06-01 00:00:00","assembly","48"
"2009-06-01 00:00:00","c","498"
"2009-06-01 00:00:00","php","1568"
"2009-06-01 00:00:00","c++","1249"
"2009-06-01 00:00:00","delphi","221"
"2009-06-01 00:00:00","ruby","431"
"2009-06-01 00:00:00","java","2110"
"2009-06-01 00:00:00","r","5"
"2009-06-01 00:00:00","perl","246"
"2009-07-01 00:00:00","php","2006"
"2009-07-01 00:00:00","r","50"
"2009-07-01 00:00:00","c#","4402"
"2009-07-01 00:00:00","assembly","32"
"2009-07-01 00:00:00","ruby","499"
"2009-07-01 00:00:00","c","538"
"2009-07-01 00:00:00","javascript","1752"
"2009-07-01 00:00:00","python","1157"
"2009-07-01 00:00:00","java","2252"
"2009-07-01 00:00:00","c++","1465"
"2009-07-01 00:00:00","delphi","269"
"2009-07-01 00:00:00","perl","256"
"2009-08-01 00:00:00","c#","4443"
"2009-08-01 00:00:00","swift","3"
"2009-08-01 00:00:00","javascript","1856"
"2009-08-01 00:00:00","c","530"
"2009-08-01 00:00:00","delphi","246"
"2009-08-01 00:00:00","perl","248"
"2009-08-01 00:00:00","c++","1398"
"2009-08-01 00:00:00","r","47"
"2009-08-01 00:00:00","php","2168"
"2009-08-01 00:00:00","assembly","48"
"2009-08-01 00:00:00","java","2184"
"2009-08-01 00:00:00","python","1131"
"2009-08-01 00:00:00","ruby","484"
"2009-09-01 00:00:00","c++","1460"
"2009-09-01 00:00:00","python","1169"
"2009-09-01 00:00:00","java","2257"
"2009-09-01 00:00:00","ruby","477"
"2009-09-01 00:00:00","c","572"
"2009-09-01 00:00:00","c#","4346"
"2009-09-01 00:00:00","assembly","62"
"2009-09-01 00:00:00","javascript","1756"
"2009-09-01 00:00:00","delphi","251"
"2009-09-01 00:00:00","swift","3"
"2009-09-01 00:00:00","perl","249"
"2009-09-01 00:00:00","r","138"
"2009-09-01 00:00:00","php","2245"
"2009-10-01 00:00:00","assembly","73"
"2009-10-01 00:00:00","perl","282"
"2009-10-01 00:00:00","r","73"
"2009-10-01 00:00:00","delphi","254"
"2009-10-01 00:00:00","java","2498"
"2009-10-01 00:00:00","python","1417"
"2009-10-01 00:00:00","ruby","492"
"2009-10-01 00:00:00","c++","1683"
"2009-10-01 00:00:00","c#","4721"
"2009-10-01 00:00:00","c","775"
"2009-10-01 00:00:00","swift","1"
"2009-10-01 00:00:00","php","2339"
"2009-10-01 00:00:00","javascript","2046"
"2009-11-01 00:00:00","javascript","2234"
"2009-11-01 00:00:00","ruby","654"
"2009-11-01 00:00:00","swift","3"
"2009-11-01 00:00:00","assembly","82"
"2009-11-01 00:00:00","delphi","274"
"2009-11-01 00:00:00","r","94"
"2009-11-01 00:00:00","go","65"
"2009-11-01 00:00:00","python","1552"
"2009-11-01 00:00:00","perl","322"
"2009-11-01 00:00:00","php","2667"
"2009-11-01 00:00:00","java","2757"
"2009-11-01 00:00:00","c++","1745"
"2009-11-01 00:00:00","c","956"
"2009-11-01 00:00:00","c#","4676"
"2009-12-01 00:00:00","python","1584"
"2009-12-01 00:00:00","go","11"
"2009-12-01 00:00:00","perl","261"
"2009-12-01 00:00:00","ruby","571"
"2009-12-01 00:00:00","php","2801"
"2009-12-01 00:00:00","java","2683"
"2009-12-01 00:00:00","c++","1651"
"2009-12-01 00:00:00","c#","4482"
"2009-12-01 00:00:00","javascript","2305"
"2009-12-01 00:00:00","delphi","282"
"2009-12-01 00:00:00","swift","1"
"2009-12-01 00:00:00","assembly","62"
"2009-12-01 00:00:00","r","80"
"2009-12-01 00:00:00","c","848"
"2010-01-01 00:00:00","go","15"
"2010-01-01 00:00:00","perl","300"
"2010-01-01 00:00:00","java","3721"
"2010-01-01 00:00:00","delphi","303"
"2010-01-01 00:00:00","ruby","682"
"2010-01-01 00:00:00","c++","1994"
"2010-01-01 00:00:00","assembly","100"
"2010-01-01 00:00:00","javascript","2625"
"2010-01-01 00:00:00","python","1938"
"2010-01-01 00:00:00","c","978"
"2010-01-01 00:00:00","r","94"
"2010-01-01 00:00:00","php","3407"
"2010-01-01 00:00:00","c#","5111"
"2010-02-01 00:00:00","javascript","2638"
"2010-02-01 00:00:00","c++","2275"
"2010-02-01 00:00:00","php","3142"
"2010-02-01 00:00:00","c#","5093"
"2010-02-01 00:00:00","java","3576"
"2010-02-01 00:00:00","delphi","283"
"2010-02-01 00:00:00","swift","2"
"2010-02-01 00:00:00","assembly","69"
"2010-02-01 00:00:00","python","1861"
"2010-02-01 00:00:00","r","122"
"2010-02-01 00:00:00","ruby","688"
"2010-02-01 00:00:00","perl","347"
"2010-02-01 00:00:00","c","1033"
"2010-02-01 00:00:00","go","7"
"2010-03-01 00:00:00","php","3714"
"2010-03-01 00:00:00","swift","1"
"2010-03-01 00:00:00","perl","390"
"2010-03-01 00:00:00","java","4438"
"2010-03-01 00:00:00","c","1113"
"2010-03-01 00:00:00","javascript","2987"
"2010-03-01 00:00:00","c#","6025"
"2010-03-01 00:00:00","python","2071"
"2010-03-01 00:00:00","r","139"
"2010-03-01 00:00:00","c++","2431"
"2010-03-01 00:00:00","assembly","123"
"2010-03-01 00:00:00","ruby","693"
"2010-03-01 00:00:00","go","8"
"2010-03-01 00:00:00","delphi","317"
"2010-04-01 00:00:00","python","1806"
"2010-04-01 00:00:00","php","3621"
"2010-04-01 00:00:00","ruby","752"
"2010-04-01 00:00:00","javascript","3011"
"2010-04-01 00:00:00","c++","2487"
"2010-04-01 00:00:00","assembly","124"
"2010-04-01 00:00:00","r","160"
"2010-04-01 00:00:00","perl","363"
"2010-04-01 00:00:00","c","1181"
"2010-04-01 00:00:00","c#","5773"
"2010-04-01 00:00:00","go","10"
"2010-04-01 00:00:00","delphi","270"
"2010-04-01 00:00:00","java","3874"
"2010-04-01 00:00:00","swift","2"
"2010-05-01 00:00:00","php","3951"
"2010-05-01 00:00:00","python","2008"
"2010-05-01 00:00:00","c","1177"
"2010-05-01 00:00:00","c#","5925"
"2010-05-01 00:00:00","c++","2414"
"2010-05-01 00:00:00","ruby","775"
"2010-05-01 00:00:00","go","17"
"2010-05-01 00:00:00","java","4165"
"2010-05-01 00:00:00","delphi","280"
"2010-05-01 00:00:00","swift","1"
"2010-05-01 00:00:00","assembly","108"
"2010-05-01 00:00:00","perl","286"
"2010-05-01 00:00:00","javascript","3233"
"2010-05-01 00:00:00","r","139"
"2010-06-01 00:00:00","assembly","90"
"2010-06-01 00:00:00","go","15"
"2010-06-01 00:00:00","ruby","850"
"2010-06-01 00:00:00","c#","6138"
"2010-06-01 00:00:00","swift","3"
"2010-06-01 00:00:00","delphi","329"
"2010-06-01 00:00:00","javascript","3478"
"2010-06-01 00:00:00","java","4275"
"2010-06-01 00:00:00","python","2202"
"2010-06-01 00:00:00","c++","2822"
"2010-06-01 00:00:00","r","176"
"2010-06-01 00:00:00","c","1153"
"2010-06-01 00:00:00","perl","409"
"2010-06-01 00:00:00","php","4063"
"2010-07-01 00:00:00","delphi","333"
"2010-07-01 00:00:00","python","2583"
"2010-07-01 00:00:00","r","233"
"2010-07-01 00:00:00","go","8"
"2010-07-01 00:00:00","perl","435"
"2010-07-01 00:00:00","c","1284"
"2010-07-01 00:00:00","java","4504"
"2010-07-01 00:00:00","c#","6675"
"2010-07-01 00:00:00","javascript","3877"
"2010-07-01 00:00:00","swift","1"
"2010-07-01 00:00:00","ruby","910"
"2010-07-01 00:00:00","php","4568"
"2010-07-01 00:00:00","c++","2674"
"2010-07-01 00:00:00","assembly","97"
"2010-08-01 00:00:00","delphi","353"
"2010-08-01 00:00:00","java","4695"
"2010-08-01 00:00:00","go","13"
"2010-08-01 00:00:00","perl","546"
"2010-08-01 00:00:00","javascript","3999"
"2010-08-01 00:00:00","r","283"
"2010-08-01 00:00:00","c","1364"
"2010-08-01 00:00:00","c#","6954"
"2010-08-01 00:00:00","python","2490"
"2010-08-01 00:00:00","assembly","86"
"2010-08-01 00:00:00","ruby","992"
"2010-08-01 00:00:00","c++","2627"
"2010-08-01 00:00:00","php","5093"
"2010-08-01 00:00:00","swift","2"
"2010-09-01 00:00:00","c","1371"
"2010-09-01 00:00:00","c#","6408"
"2010-09-01 00:00:00","swift","2"
"2010-09-01 00:00:00","perl","460"
"2010-09-01 00:00:00","c++","2726"
"2010-09-01 00:00:00","javascript","4000"
"2010-09-01 00:00:00","ruby","935"
"2010-09-01 00:00:00","go","9"
"2010-09-01 00:00:00","python","2247"
"2010-09-01 00:00:00","assembly","117"
"2010-09-01 00:00:00","php","4659"
"2010-09-01 00:00:00","r","236"
"2010-09-01 00:00:00","delphi","319"
"2010-09-01 00:00:00","java","4704"
"2010-10-01 00:00:00","c++","2929"
"2010-10-01 00:00:00","javascript","4106"
"2010-10-01 00:00:00","python","2670"
"2010-10-01 00:00:00","swift","1"
"2010-10-01 00:00:00","php","4470"
"2010-10-01 00:00:00","go","13"
"2010-10-01 00:00:00","delphi","361"
"2010-10-01 00:00:00","ruby","925"
"2010-10-01 00:00:00","perl","498"
"2010-10-01 00:00:00","java","5016"
"2010-10-01 00:00:00","assembly","123"
"2010-10-01 00:00:00","c#","6725"
"2010-10-01 00:00:00","r","214"
"2010-10-01 00:00:00","c","1438"
"2010-11-01 00:00:00","r","241"
"2010-11-01 00:00:00","c#","7308"
"2010-11-01 00:00:00","python","2603"
"2010-11-01 00:00:00","java","5586"
"2010-11-01 00:00:00","javascript","4542"
"2010-11-01 00:00:00","ruby","927"
"2010-11-01 00:00:00","c++","3364"
"2010-11-01 00:00:00","delphi","390"
"2010-11-01 00:00:00","swift","1"
"2010-11-01 00:00:00","c","1673"
"2010-11-01 00:00:00","assembly","164"
"2010-11-01 00:00:00","php","5071"
"2010-11-01 00:00:00","go","16"
"2010-11-01 00:00:00","perl","464"
"2010-12-01 00:00:00","c++","3128"
"2010-12-01 00:00:00","go","18"
"2010-12-01 00:00:00","php","5350"
"2010-12-01 00:00:00","perl","501"
"2010-12-01 00:00:00","ruby","1021"
"2010-12-01 00:00:00","delphi","321"
"2010-12-01 00:00:00","assembly","125"
"2010-12-01 00:00:00","r","223"
"2010-12-01 00:00:00","python","2471"
"2010-12-01 00:00:00","javascript","4952"
"2010-12-01 00:00:00","c#","7095"
"2010-12-01 00:00:00","swift","2"
"2010-12-01 00:00:00","java","5666"
"2010-12-01 00:00:00","c","1466"
"2011-01-01 00:00:00","javascript","5415"
"2011-01-01 00:00:00","assembly","133"
"2011-01-01 00:00:00","delphi","368"
"2011-01-01 00:00:00","python","2897"
"2011-01-01 00:00:00","c#","7975"
"2011-01-01 00:00:00","r","249"
"2011-01-01 00:00:00","swift","4"
"2011-01-01 00:00:00","c++","3482"
"2011-01-01 00:00:00","c","1458"
"2011-01-01 00:00:00","go","15"
"2011-01-01 00:00:00","php","6377"
"2011-01-01 00:00:00","perl","477"
"2011-01-01 00:00:00","java","6528"
"2011-01-01 00:00:00","ruby","1201"
"2011-02-01 00:00:00","delphi","358"
"2011-02-01 00:00:00","java","6851"
"2011-02-01 00:00:00","c#","8205"
"2011-02-01 00:00:00","go","16"
"2011-02-01 00:00:00","python","3007"
"2011-02-01 00:00:00","javascript","5590"
"2011-02-01 00:00:00","assembly","147"
"2011-02-01 00:00:00","r","322"
"2011-02-01 00:00:00","c++","3434"
"2011-02-01 00:00:00","perl","481"
"2011-02-01 00:00:00","swift","5"
"2011-02-01 00:00:00","php","6661"
"2011-02-01 00:00:00","c","1632"
"2011-02-01 00:00:00","ruby","1247"
"2011-03-01 00:00:00","r","422"
"2011-03-01 00:00:00","ruby","1636"
"2011-03-01 00:00:00","assembly","193"
"2011-03-01 00:00:00","swift","3"
"2011-03-01 00:00:00","c++","4165"
"2011-03-01 00:00:00","c#","9965"
"2011-03-01 00:00:00","php","8038"
"2011-03-01 00:00:00","c","2107"
"2011-03-01 00:00:00","python","3741"
"2011-03-01 00:00:00","perl","604"
"2011-03-01 00:00:00","java","8448"
"2011-03-01 00:00:00","go","3"
"2011-03-01 00:00:00","delphi","515"
"2011-03-01 00:00:00","javascript","6756"
"2011-04-01 00:00:00","ruby","1475"
"2011-04-01 00:00:00","swift","3"
"2011-04-01 00:00:00","c#","9253"
"2011-04-01 00:00:00","javascript","6869"
"2011-04-01 00:00:00","php","7568"
"2011-04-01 00:00:00","java","7880"
"2011-04-01 00:00:00","delphi","400"
"2011-04-01 00:00:00","assembly","159"
"2011-04-01 00:00:00","c","2032"
"2011-04-01 00:00:00","r","474"
"2011-04-01 00:00:00","python","3328"
"2011-04-01 00:00:00","c++","4160"
"2011-04-01 00:00:00","go","7"
"2011-04-01 00:00:00","perl","550"
"2011-05-01 00:00:00","ruby","1563"
"2011-05-01 00:00:00","assembly","158"
"2011-05-01 00:00:00","c","1820"
"2011-05-01 00:00:00","r","425"
"2011-05-01 00:00:00","c#","9963"
"2011-05-01 00:00:00","go","36"
"2011-05-01 00:00:00","perl","581"
"2011-05-01 00:00:00","python","3510"
"2011-05-01 00:00:00","javascript","7288"
"2011-05-01 00:00:00","delphi","472"
"2011-05-01 00:00:00","java","8524"
"2011-05-01 00:00:00","swift","1"
"2011-05-01 00:00:00","c++","3863"
"2011-05-01 00:00:00","php","8033"
"2011-06-01 00:00:00","python","3460"
"2011-06-01 00:00:00","delphi","453"
"2011-06-01 00:00:00","c++","3797"
"2011-06-01 00:00:00","swift","4"
"2011-06-01 00:00:00","r","442"
"2011-06-01 00:00:00","java","7860"
"2011-06-01 00:00:00","php","7974"
"2011-06-01 00:00:00","perl","567"
"2011-06-01 00:00:00","javascript","7655"
"2011-06-01 00:00:00","assembly","139"
"2011-06-01 00:00:00","ruby","1554"
"2011-06-01 00:00:00","c","1760"
"2011-06-01 00:00:00","go","34"
"2011-06-01 00:00:00","c#","9714"
"2011-07-01 00:00:00","go","26"
"2011-07-01 00:00:00","assembly","140"
"2011-07-01 00:00:00","swift","12"
"2011-07-01 00:00:00","python","3648"
"2011-07-01 00:00:00","ruby","1577"
"2011-07-01 00:00:00","javascript","8074"
"2011-07-01 00:00:00","delphi","427"
"2011-07-01 00:00:00","perl","658"
"2011-07-01 00:00:00","php","8580"
"2011-07-01 00:00:00","c#","9555"
"2011-07-01 00:00:00","c","1655"
"2011-07-01 00:00:00","r","453"
"2011-07-01 00:00:00","java","8120"
"2011-07-01 00:00:00","c++","3845"
"2011-08-01 00:00:00","swift","8"
"2011-08-01 00:00:00","java","8630"
"2011-08-01 00:00:00","javascript","8862"
"2011-08-01 00:00:00","python","3814"
"2011-08-01 00:00:00","perl","609"
"2011-08-01 00:00:00","delphi","422"
"2011-08-01 00:00:00","assembly","159"
"2011-08-01 00:00:00","r","586"
"2011-08-01 00:00:00","ruby","1847"
"2011-08-01 00:00:00","c#","9999"
"2011-08-01 00:00:00","go","40"
"2011-08-01 00:00:00","c","1823"
"2011-08-01 00:00:00","c++","3942"
"2011-08-01 00:00:00","php","8825"
"2011-09-01 00:00:00","java","8277"
"2011-09-01 00:00:00","perl","500"
"2011-09-01 00:00:00","python","3508"
"2011-09-01 00:00:00","swift","6"
"2011-09-01 00:00:00","ruby","1541"
"2011-09-01 00:00:00","go","26"
"2011-09-01 00:00:00","c#","9237"
"2011-09-01 00:00:00","c","1915"
"2011-09-01 00:00:00","c++","3922"
"2011-09-01 00:00:00","php","7978"
"2011-09-01 00:00:00","delphi","413"
"2011-09-01 00:00:00","javascript","8135"
"2011-09-01 00:00:00","r","612"
"2011-09-01 00:00:00","assembly","154"
"2011-10-01 00:00:00","assembly","211"
"2011-10-01 00:00:00","python","3600"
"2011-10-01 00:00:00","c++","4332"
"2011-10-01 00:00:00","go","40"
"2011-10-01 00:00:00","delphi","463"
"2011-10-01 00:00:00","swift","6"
"2011-10-01 00:00:00","ruby","1600"
"2011-10-01 00:00:00","c#","9150"
"2011-10-01 00:00:00","javascript","7971"
"2011-10-01 00:00:00","java","8495"
"2011-10-01 00:00:00","perl","555"
"2011-10-01 00:00:00","php","7954"
"2011-10-01 00:00:00","r","618"
"2011-10-01 00:00:00","c","2137"
"2011-11-01 00:00:00","go","65"
"2011-11-01 00:00:00","delphi","504"
"2011-11-01 00:00:00","c","2193"
"2011-11-01 00:00:00","swift","4"
"2011-11-01 00:00:00","php","8588"
"2011-11-01 00:00:00","ruby","1731"
"2011-11-01 00:00:00","r","605"
"2011-11-01 00:00:00","python","3854"
"2011-11-01 00:00:00","java","9563"
"2011-11-01 00:00:00","javascript","8602"
"2011-11-01 00:00:00","c++","4449"
"2011-11-01 00:00:00","c#","9835"
"2011-11-01 00:00:00","perl","604"
"2011-11-01 00:00:00","assembly","211"
"2011-12-01 00:00:00","delphi","570"
"2011-12-01 00:00:00","java","9115"
"2011-12-01 00:00:00","assembly","228"
"2011-12-01 00:00:00","ruby","1667"
"2011-12-01 00:00:00","php","8250"
"2011-12-01 00:00:00","c","2000"
"2011-12-01 00:00:00","r","613"
"2011-12-01 00:00:00","perl","538"
"2011-12-01 00:00:00","swift","2"
"2011-12-01 00:00:00","go","52"
"2011-12-01 00:00:00","javascript","8266"
"2011-12-01 00:00:00","c++","4328"
"2011-12-01 00:00:00","python","3603"
"2011-12-01 00:00:00","c#","9242"
"2012-01-01 00:00:00","ruby","1882"
"2012-01-01 00:00:00","perl","561"
"2012-01-01 00:00:00","java","10051"
"2012-01-01 00:00:00","c#","10317"
"2012-01-01 00:00:00","python","4176"
"2012-01-01 00:00:00","c","2215"
"2012-01-01 00:00:00","delphi","509"
"2012-01-01 00:00:00","go","37"
"2012-01-01 00:00:00","swift","6"
"2012-01-01 00:00:00","javascript","9527"
"2012-01-01 00:00:00","r","690"
"2012-01-01 00:00:00","c++","4515"
"2012-01-01 00:00:00","php","9170"
"2012-01-01 00:00:00","assembly","169"
"2012-02-01 00:00:00","c++","5071"
"2012-02-01 00:00:00","assembly","229"
"2012-02-01 00:00:00","php","9783"
"2012-02-01 00:00:00","swift","9"
"2012-02-01 00:00:00","go","31"
"2012-02-01 00:00:00","perl","613"
"2012-02-01 00:00:00","c","2391"
"2012-02-01 00:00:00","ruby","2029"
"2012-02-01 00:00:00","r","811"
"2012-02-01 00:00:00","javascript","9894"
"2012-02-01 00:00:00","c#","10665"
"2012-02-01 00:00:00","java","10863"
"2012-02-01 00:00:00","python","4469"
"2012-02-01 00:00:00","delphi","471"
"2012-03-01 00:00:00","ruby","2172"
"2012-03-01 00:00:00","php","10743"
"2012-03-01 00:00:00","r","887"
"2012-03-01 00:00:00","javascript","10607"
"2012-03-01 00:00:00","c","2704"
"2012-03-01 00:00:00","perl","607"
"2012-03-01 00:00:00","c#","11472"
"2012-03-01 00:00:00","go","47"
"2012-03-01 00:00:00","swift","4"
"2012-03-01 00:00:00","java","12261"
"2012-03-01 00:00:00","c++","5188"
"2012-03-01 00:00:00","delphi","492"
"2012-03-01 00:00:00","python","5001"
"2012-03-01 00:00:00","assembly","260"
"2012-04-01 00:00:00","ruby","1955"
"2012-04-01 00:00:00","javascript","10581"
"2012-04-01 00:00:00","delphi","481"
"2012-04-01 00:00:00","go","69"
"2012-04-01 00:00:00","swift","5"
"2012-04-01 00:00:00","c++","5265"
"2012-04-01 00:00:00","c#","11017"
"2012-04-01 00:00:00","java","11916"
"2012-04-01 00:00:00","php","10259"
"2012-04-01 00:00:00","c","2658"
"2012-04-01 00:00:00","perl","598"
"2012-04-01 00:00:00","assembly","275"
"2012-04-01 00:00:00","python","4891"
"2012-04-01 00:00:00","r","838"
"2012-05-01 00:00:00","perl","642"
"2012-05-01 00:00:00","r","873"
"2012-05-01 00:00:00","swift","6"
"2012-05-01 00:00:00","c","2471"
"2012-05-01 00:00:00","delphi","477"
"2012-05-01 00:00:00","go","69"
"2012-05-01 00:00:00","c++","4960"
"2012-05-01 00:00:00","python","5064"
"2012-05-01 00:00:00","javascript","11434"
"2012-05-01 00:00:00","ruby","1960"
"2012-05-01 00:00:00","assembly","227"
"2012-05-01 00:00:00","c#","11471"
"2012-05-01 00:00:00","php","10810"
"2012-05-01 00:00:00","java","12095"
"2012-06-01 00:00:00","assembly","200"
"2012-06-01 00:00:00","java","11067"
"2012-06-01 00:00:00","perl","739"
"2012-06-01 00:00:00","c++","4630"
"2012-06-01 00:00:00","ruby","1885"
"2012-06-01 00:00:00","javascript","11193"
"2012-06-01 00:00:00","delphi","417"
"2012-06-01 00:00:00","php","10490"
"2012-06-01 00:00:00","python","5259"
"2012-06-01 00:00:00","c#","11285"
"2012-06-01 00:00:00","r","973"
"2012-06-01 00:00:00","swift","4"
"2012-06-01 00:00:00","c","2302"
"2012-06-01 00:00:00","go","72"
"2012-07-01 00:00:00","perl","666"
"2012-07-01 00:00:00","c++","5260"
"2012-07-01 00:00:00","go","76"
"2012-07-01 00:00:00","delphi","438"
"2012-07-01 00:00:00","swift","9"
"2012-07-01 00:00:00","c","2365"
"2012-07-01 00:00:00","java","12220"
"2012-07-01 00:00:00","r","1117"
"2012-07-01 00:00:00","c#","12289"
"2012-07-01 00:00:00","php","11666"
"2012-07-01 00:00:00","javascript","12297"
"2012-07-01 00:00:00","ruby","2058"
"2012-07-01 00:00:00","assembly","201"
"2012-07-01 00:00:00","python","5716"
"2012-08-01 00:00:00","c","2313"
"2012-08-01 00:00:00","go","72"
"2012-08-01 00:00:00","swift","5"
"2012-08-01 00:00:00","c#","11928"
"2012-08-01 00:00:00","assembly","189"
"2012-08-01 00:00:00","c++","5156"
"2012-08-01 00:00:00","php","11830"
"2012-08-01 00:00:00","delphi","403"
"2012-08-01 00:00:00","ruby","2057"
"2012-08-01 00:00:00","java","12231"
"2012-08-01 00:00:00","r","1088"
"2012-08-01 00:00:00","perl","760"
"2012-08-01 00:00:00","javascript","12415"
"2012-08-01 00:00:00","python","5853"
"2012-09-01 00:00:00","javascript","11150"
"2012-09-01 00:00:00","r","1057"
"2012-09-01 00:00:00","python","5245"
"2012-09-01 00:00:00","assembly","221"
"2012-09-01 00:00:00","swift","7"
"2012-09-01 00:00:00","perl","662"
"2012-09-01 00:00:00","delphi","385"
"2012-09-01 00:00:00","c++","4900"
"2012-09-01 00:00:00","c#","11255"
"2012-09-01 00:00:00","java","11591"
"2012-09-01 00:00:00","php","10922"
"2012-09-01 00:00:00","go","129"
"2012-09-01 00:00:00","ruby","1953"
"2012-09-01 00:00:00","c","2524"
"2012-10-01 00:00:00","go","101"
"2012-10-01 00:00:00","javascript","12396"
"2012-10-01 00:00:00","php","11699"
"2012-10-01 00:00:00","swift","4"
"2012-10-01 00:00:00","delphi","478"
"2012-10-01 00:00:00","ruby","2255"
"2012-10-01 00:00:00","python","6121"
"2012-10-01 00:00:00","r","1266"
"2012-10-01 00:00:00","c","3150"
"2012-10-01 00:00:00","java","13454"
"2012-10-01 00:00:00","c++","5897"
"2012-10-01 00:00:00","perl","682"
"2012-10-01 00:00:00","c#","12702"
"2012-10-01 00:00:00","assembly","314"
"2012-11-01 00:00:00","c#","12218"
"2012-11-01 00:00:00","ruby","2127"
"2012-11-01 00:00:00","go","104"
"2012-11-01 00:00:00","perl","636"
"2012-11-01 00:00:00","assembly","303"
"2012-11-01 00:00:00","c++","6262"
"2012-11-01 00:00:00","php","11694"
"2012-11-01 00:00:00","swift","4"
"2012-11-01 00:00:00","javascript","12317"
"2012-11-01 00:00:00","java","13572"
"2012-11-01 00:00:00","delphi","442"
"2012-11-01 00:00:00","c","3184"
"2012-11-01 00:00:00","r","1345"
"2012-11-01 00:00:00","python","6386"
"2012-12-01 00:00:00","java","12393"
"2012-12-01 00:00:00","r","1212"
"2012-12-01 00:00:00","c++","5676"
"2012-12-01 00:00:00","swift","4"
"2012-12-01 00:00:00","ruby","1902"
"2012-12-01 00:00:00","c#","10941"
"2012-12-01 00:00:00","c","2560"
"2012-12-01 00:00:00","go","112"
"2012-12-01 00:00:00","javascript","11726"
"2012-12-01 00:00:00","perl","551"
"2012-12-01 00:00:00","assembly","263"
"2012-12-01 00:00:00","php","10978"
"2012-12-01 00:00:00","python","5739"
"2012-12-01 00:00:00","delphi","428"
"2013-01-01 00:00:00","python","6557"
"2013-01-01 00:00:00","ruby","2303"
"2013-01-01 00:00:00","c","2900"
"2013-01-01 00:00:00","r","1506"
"2013-01-01 00:00:00","php","12794"
"2013-01-01 00:00:00","c#","12738"
"2013-01-01 00:00:00","go","101"
"2013-01-01 00:00:00","c++","6030"
"2013-01-01 00:00:00","swift","5"
"2013-01-01 00:00:00","javascript","13756"
"2013-01-01 00:00:00","java","13672"
"2013-01-01 00:00:00","assembly","294"
"2013-01-01 00:00:00","perl","660"
"2013-01-01 00:00:00","delphi","480"
"2013-02-01 00:00:00","python","6721"
"2013-02-01 00:00:00","c","3086"
"2013-02-01 00:00:00","ruby","2209"
"2013-02-01 00:00:00","javascript","13603"
"2013-02-01 00:00:00","php","12452"
"2013-02-01 00:00:00","c#","12471"
"2013-02-01 00:00:00","delphi","447"
"2013-02-01 00:00:00","swift","6"
"2013-02-01 00:00:00","r","1656"
"2013-02-01 00:00:00","c++","6047"
"2013-02-01 00:00:00","java","13654"
"2013-02-01 00:00:00","assembly","324"
"2013-02-01 00:00:00","perl","745"
"2013-02-01 00:00:00","go","117"
"2013-03-01 00:00:00","r","1845"
"2013-03-01 00:00:00","swift","5"
"2013-03-01 00:00:00","ruby","2556"
"2013-03-01 00:00:00","c","3420"
"2013-03-01 00:00:00","go","126"
"2013-03-01 00:00:00","perl","849"
"2013-03-01 00:00:00","php","14012"
"2013-03-01 00:00:00","javascript","15249"
"2013-03-01 00:00:00","python","7596"
"2013-03-01 00:00:00","java","15861"
"2013-03-01 00:00:00","assembly","367"
"2013-03-01 00:00:00","c#","14213"
"2013-03-01 00:00:00","c++","7167"
"2013-03-01 00:00:00","delphi","524"
"2013-04-01 00:00:00","php","13302"
"2013-04-01 00:00:00","swift","6"
"2013-04-01 00:00:00","assembly","332"
"2013-04-01 00:00:00","go","125"
"2013-04-01 00:00:00","c#","13850"
"2013-04-01 00:00:00","c","3516"
"2013-04-01 00:00:00","c++","7100"
"2013-04-01 00:00:00","r","1833"
"2013-04-01 00:00:00","javascript","15270"
"2013-04-01 00:00:00","ruby","2457"
"2013-04-01 00:00:00","perl","837"
"2013-04-01 00:00:00","python","7907"
"2013-04-01 00:00:00","delphi","509"
"2013-04-01 00:00:00","java","16170"
"2013-05-01 00:00:00","php","12984"
"2013-05-01 00:00:00","r","1777"
"2013-05-01 00:00:00","swift","2"
"2013-05-01 00:00:00","delphi","533"
"2013-05-01 00:00:00","ruby","2336"
"2013-05-01 00:00:00","go","141"
"2013-05-01 00:00:00","assembly","301"
"2013-05-01 00:00:00","perl","901"
"2013-05-01 00:00:00","c#","13422"
"2013-05-01 00:00:00","javascript","15006"
"2013-05-01 00:00:00","python","7787"
"2013-05-01 00:00:00","java","15214"
"2013-05-01 00:00:00","c","3185"
"2013-05-01 00:00:00","c++","6810"
"2013-06-01 00:00:00","c#","12745"
"2013-06-01 00:00:00","c","2925"
"2013-06-01 00:00:00","c++","6177"
"2013-06-01 00:00:00","delphi","474"
"2013-06-01 00:00:00","r","1772"
"2013-06-01 00:00:00","go","175"
"2013-06-01 00:00:00","assembly","293"
"2013-06-01 00:00:00","swift","4"
"2013-06-01 00:00:00","python","7579"
"2013-06-01 00:00:00","ruby","2219"
"2013-06-01 00:00:00","php","12622"
"2013-06-01 00:00:00","java","13870"
"2013-06-01 00:00:00","perl","826"
"2013-06-01 00:00:00","javascript","14556"
"2013-07-01 00:00:00","assembly","296"
"2013-07-01 00:00:00","php","14221"
"2013-07-01 00:00:00","c#","14126"
"2013-07-01 00:00:00","java","15124"
"2013-07-01 00:00:00","perl","950"
"2013-07-01 00:00:00","python","8590"
"2013-07-01 00:00:00","swift","7"
"2013-07-01 00:00:00","c++","6569"
"2013-07-01 00:00:00","javascript","16756"
"2013-07-01 00:00:00","c","3001"
"2013-07-01 00:00:00","ruby","2435"
"2013-07-01 00:00:00","delphi","506"
"2013-07-01 00:00:00","go","200"
"2013-07-01 00:00:00","r","1961"
"2013-08-01 00:00:00","php","14192"
"2013-08-01 00:00:00","c","2999"
"2013-08-01 00:00:00","assembly","210"
"2013-08-01 00:00:00","python","7929"
"2013-08-01 00:00:00","perl","831"
"2013-08-01 00:00:00","ruby","2475"
"2013-08-01 00:00:00","c++","6235"
"2013-08-01 00:00:00","c#","13803"
"2013-08-01 00:00:00","java","14996"
"2013-08-01 00:00:00","go","207"
"2013-08-01 00:00:00","swift","4"
"2013-08-01 00:00:00","delphi","449"
"2013-08-01 00:00:00","r","1913"
"2013-08-01 00:00:00","javascript","16778"
"2013-09-01 00:00:00","r","1708"
"2013-09-01 00:00:00","delphi","487"
"2013-09-01 00:00:00","php","14136"
"2013-09-01 00:00:00","ruby","2383"
"2013-09-01 00:00:00","perl","682"
"2013-09-01 00:00:00","python","7939"
"2013-09-01 00:00:00","c#","13709"
"2013-09-01 00:00:00","java","16195"
"2013-09-01 00:00:00","go","237"
"2013-09-01 00:00:00","c++","6524"
"2013-09-01 00:00:00","swift","9"
"2013-09-01 00:00:00","assembly","290"
"2013-09-01 00:00:00","c","3374"
"2013-09-01 00:00:00","javascript","17627"
"2013-10-01 00:00:00","delphi","519"
"2013-10-01 00:00:00","c","4220"
"2013-10-01 00:00:00","python","9455"
"2013-10-01 00:00:00","ruby","2787"
"2013-10-01 00:00:00","r","2083"
"2013-10-01 00:00:00","go","211"
"2013-10-01 00:00:00","swift","10"
"2013-10-01 00:00:00","php","15220"
"2013-10-01 00:00:00","perl","813"
"2013-10-01 00:00:00","java","18642"
"2013-10-01 00:00:00","assembly","376"
"2013-10-01 00:00:00","c#","15146"
"2013-10-01 00:00:00","c++","7945"
"2013-10-01 00:00:00","javascript","19650"
"2013-11-01 00:00:00","python","9462"
"2013-11-01 00:00:00","ruby","2572"
"2013-11-01 00:00:00","delphi","459"
"2013-11-01 00:00:00","c++","8098"
"2013-11-01 00:00:00","perl","821"
"2013-11-01 00:00:00","go","209"
"2013-11-01 00:00:00","r","2183"
"2013-11-01 00:00:00","swift","5"
"2013-11-01 00:00:00","javascript","18413"
"2013-11-01 00:00:00","php","14777"
"2013-11-01 00:00:00","assembly","417"
"2013-11-01 00:00:00","java","18682"
"2013-11-01 00:00:00","c#","14537"
"2013-11-01 00:00:00","c","4268"
"2013-12-01 00:00:00","c","3492"
"2013-12-01 00:00:00","python","8428"
"2013-12-01 00:00:00","delphi","448"
"2013-12-01 00:00:00","c#","13583"
"2013-12-01 00:00:00","javascript","17957"
"2013-12-01 00:00:00","php","14324"
"2013-12-01 00:00:00","go","240"
"2013-12-01 00:00:00","r","1904"
"2013-12-01 00:00:00","perl","764"
"2013-12-01 00:00:00","swift","11"
"2013-12-01 00:00:00","ruby","2441"
"2013-12-01 00:00:00","java","17391"
"2013-12-01 00:00:00","c++","6983"
"2013-12-01 00:00:00","assembly","358"
"2014-01-01 00:00:00","delphi","490"
"2014-01-01 00:00:00","go","300"
"2014-01-01 00:00:00","ruby","2756"
"2014-01-01 00:00:00","perl","809"
"2014-01-01 00:00:00","swift","6"
"2014-01-01 00:00:00","r","2344"
"2014-01-01 00:00:00","java","18605"
"2014-01-01 00:00:00","javascript","21051"
"2014-01-01 00:00:00","c++","7670"
"2014-01-01 00:00:00","c#","15291"
"2014-01-01 00:00:00","assembly","340"
"2014-01-01 00:00:00","python","9818"
"2014-01-01 00:00:00","c","3722"
"2014-01-01 00:00:00","php","16672"
"2014-02-01 00:00:00","java","19168"
"2014-02-01 00:00:00","c++","7649"
"2014-02-01 00:00:00","python","9873"
"2014-02-01 00:00:00","c","3963"
"2014-02-01 00:00:00","php","16416"
"2014-02-01 00:00:00","perl","790"
"2014-02-01 00:00:00","assembly","373"
"2014-02-01 00:00:00","swift","12"
"2014-02-01 00:00:00","r","2616"
"2014-02-01 00:00:00","delphi","489"
"2014-02-01 00:00:00","javascript","21085"
"2014-02-01 00:00:00","go","204"
"2014-02-01 00:00:00","ruby","2595"
"2014-02-01 00:00:00","c#","15073"
"2014-03-01 00:00:00","c","4541"
"2014-03-01 00:00:00","c++","8645"
"2014-03-01 00:00:00","java","21882"
"2014-03-01 00:00:00","delphi","441"
"2014-03-01 00:00:00","assembly","450"
"2014-03-01 00:00:00","go","255"
"2014-03-01 00:00:00","c#","16110"
"2014-03-01 00:00:00","perl","907"
"2014-03-01 00:00:00","python","11394"
"2014-03-01 00:00:00","php","18190"
"2014-03-01 00:00:00","javascript","22561"
"2014-03-01 00:00:00","r","2797"
"2014-03-01 00:00:00","ruby","2945"
"2014-03-01 00:00:00","swift","5"
"2014-04-01 00:00:00","javascript","21331"
"2014-04-01 00:00:00","c","3996"
"2014-04-01 00:00:00","python","10715"
"2014-04-01 00:00:00","c++","8106"
"2014-04-01 00:00:00","assembly","363"
"2014-04-01 00:00:00","go","340"
"2014-04-01 00:00:00","c#","15245"
"2014-04-01 00:00:00","php","17501"
"2014-04-01 00:00:00","java","20764"
"2014-04-01 00:00:00","swift","4"
"2014-04-01 00:00:00","perl","820"
"2014-04-01 00:00:00","ruby","2741"
"2014-04-01 00:00:00","delphi","390"
"2014-04-01 00:00:00","r","2729"
"2014-05-01 00:00:00","python","9210"
"2014-05-01 00:00:00","swift","9"
"2014-05-01 00:00:00","java","17871"
"2014-05-01 00:00:00","php","14629"
"2014-05-01 00:00:00","delphi","468"
"2014-05-01 00:00:00","r","2576"
"2014-05-01 00:00:00","ruby","2671"
"2014-05-01 00:00:00","go","278"
"2014-05-01 00:00:00","perl","794"
"2014-05-01 00:00:00","c","3249"
"2014-05-01 00:00:00","assembly","329"
"2014-05-01 00:00:00","c++","6763"
"2014-05-01 00:00:00","javascript","19680"
"2014-05-01 00:00:00","c#","13834"
"2014-06-01 00:00:00","javascript","18211"
"2014-06-01 00:00:00","assembly","266"
"2014-06-01 00:00:00","swift","2386"
"2014-06-01 00:00:00","c++","5641"
"2014-06-01 00:00:00","php","12890"
"2014-06-01 00:00:00","ruby","2329"
"2014-06-01 00:00:00","c","2762"
"2014-06-01 00:00:00","go","288"
"2014-06-01 00:00:00","c#","12433"
"2014-06-01 00:00:00","r","2396"
"2014-06-01 00:00:00","java","15836"
"2014-06-01 00:00:00","delphi","413"
"2014-06-01 00:00:00","perl","675"
"2014-06-01 00:00:00","python","8885"
"2014-07-01 00:00:00","perl","732"
"2014-07-01 00:00:00","c","2821"
"2014-07-01 00:00:00","assembly","215"
"2014-07-01 00:00:00","java","17296"
"2014-07-01 00:00:00","php","14177"
"2014-07-01 00:00:00","javascript","20041"
"2014-07-01 00:00:00","r","2631"
"2014-07-01 00:00:00","delphi","444"
"2014-07-01 00:00:00","go","450"
"2014-07-01 00:00:00","ruby","2551"
"2014-07-01 00:00:00","python","9888"
"2014-07-01 00:00:00","swift","1632"
"2014-07-01 00:00:00","c#","13631"
"2014-07-01 00:00:00","c++","6254"
"2014-08-01 00:00:00","delphi","423"
"2014-08-01 00:00:00","r","2468"
"2014-08-01 00:00:00","go","405"
"2014-08-01 00:00:00","java","15682"
"2014-08-01 00:00:00","c#","12450"
"2014-08-01 00:00:00","c++","5862"
"2014-08-01 00:00:00","swift","1689"
"2014-08-01 00:00:00","c","2669"
"2014-08-01 00:00:00","ruby","2458"
"2014-08-01 00:00:00","assembly","183"
"2014-08-01 00:00:00","perl","683"
"2014-08-01 00:00:00","python","9092"
"2014-08-01 00:00:00","php","13116"
"2014-08-01 00:00:00","javascript","18373"
"2014-09-01 00:00:00","c#","12291"
"2014-09-01 00:00:00","r","2357"
"2014-09-01 00:00:00","swift","1895"
"2014-09-01 00:00:00","assembly","280"
"2014-09-01 00:00:00","ruby","2267"
"2014-09-01 00:00:00","java","16625"
"2014-09-01 00:00:00","c++","6166"
"2014-09-01 00:00:00","php","13279"
"2014-09-01 00:00:00","c","3222"
"2014-09-01 00:00:00","go","392"
"2014-09-01 00:00:00","javascript","18049"
"2014-09-01 00:00:00","perl","679"
"2014-09-01 00:00:00","delphi","445"
"2014-09-01 00:00:00","python","8754"
"2014-10-01 00:00:00","perl","639"
"2014-10-01 00:00:00","ruby","2339"
"2014-10-01 00:00:00","delphi","410"
"2014-10-01 00:00:00","c++","6817"
"2014-10-01 00:00:00","c","3795"
"2014-10-01 00:00:00","c#","12521"
"2014-10-01 00:00:00","php","13509"
"2014-10-01 00:00:00","java","17832"
"2014-10-01 00:00:00","python","9553"
"2014-10-01 00:00:00","r","2765"
"2014-10-01 00:00:00","javascript","18843"
"2014-10-01 00:00:00","go","380"
"2014-10-01 00:00:00","assembly","392"
"2014-10-01 00:00:00","swift","2459"
"2014-11-01 00:00:00","c#","11837"
"2014-11-01 00:00:00","swift","2551"
"2014-11-01 00:00:00","java","17776"
"2014-11-01 00:00:00","assembly","387"
"2014-11-01 00:00:00","r","2700"
"2014-11-01 00:00:00","go","336"
"2014-11-01 00:00:00","perl","656"
"2014-11-01 00:00:00","javascript","17915"
"2014-11-01 00:00:00","c++","6538"
"2014-11-01 00:00:00","python","9549"
"2014-11-01 00:00:00","php","12947"
"2014-11-01 00:00:00","c","3653"
"2014-11-01 00:00:00","delphi","425"
"2014-11-01 00:00:00","ruby","2107"
"2014-12-01 00:00:00","c++","6065"
"2014-12-01 00:00:00","swift","2480"
"2014-12-01 00:00:00","go","349"
"2014-12-01 00:00:00","ruby","2143"
"2014-12-01 00:00:00","java","16315"
"2014-12-01 00:00:00","javascript","16923"
"2014-12-01 00:00:00","r","2356"
"2014-12-01 00:00:00","python","9017"
"2014-12-01 00:00:00","assembly","329"
"2014-12-01 00:00:00","c","3148"
"2014-12-01 00:00:00","perl","565"
"2014-12-01 00:00:00","php","12267"
"2014-12-01 00:00:00","c#","11053"
"2014-12-01 00:00:00","delphi","313"
"2015-01-01 00:00:00","perl","589"
"2015-01-01 00:00:00","python","9664"
"2015-01-01 00:00:00","php","13539"
"2015-01-01 00:00:00","java","16501"
"2015-01-01 00:00:00","assembly","333"
"2015-01-01 00:00:00","go","468"
"2015-01-01 00:00:00","javascript","18483"
"2015-01-01 00:00:00","delphi","379"
"2015-01-01 00:00:00","ruby","2420"
"2015-01-01 00:00:00","swift","3045"
"2015-01-01 00:00:00","r","2681"
"2015-01-01 00:00:00","c#","11713"
"2015-01-01 00:00:00","c++","6117"
"2015-01-01 00:00:00","c","3204"
"2015-02-01 00:00:00","javascript","18609"
"2015-02-01 00:00:00","php","13450"
"2015-02-01 00:00:00","perl","564"
"2015-02-01 00:00:00","c++","6461"
"2015-02-01 00:00:00","swift","3230"
"2015-02-01 00:00:00","go","381"
"2015-02-01 00:00:00","assembly","356"
"2015-02-01 00:00:00","delphi","414"
"2015-02-01 00:00:00","ruby","2257"
"2015-02-01 00:00:00","c#","11771"
"2015-02-01 00:00:00","python","10183"
"2015-02-01 00:00:00","c","3361"
"2015-02-01 00:00:00","r","2964"
"2015-02-01 00:00:00","java","16712"
"2015-03-01 00:00:00","go","468"
"2015-03-01 00:00:00","java","19709"
"2015-03-01 00:00:00","c","3913"
"2015-03-01 00:00:00","ruby","2457"
"2015-03-01 00:00:00","python","11574"
"2015-03-01 00:00:00","assembly","384"
"2015-03-01 00:00:00","php","14836"
"2015-03-01 00:00:00","perl","638"
"2015-03-01 00:00:00","c++","7378"
"2015-03-01 00:00:00","c#","13241"
"2015-03-01 00:00:00","delphi","409"
"2015-03-01 00:00:00","swift","3587"
"2015-03-01 00:00:00","javascript","20468"
"2015-03-01 00:00:00","r","3558"
"2015-04-01 00:00:00","c","3946"
"2015-04-01 00:00:00","java","19752"
"2015-04-01 00:00:00","perl","575"
"2015-04-01 00:00:00","swift","4007"
"2015-04-01 00:00:00","assembly","438"
"2015-04-01 00:00:00","javascript","20867"
"2015-04-01 00:00:00","c++","7130"
"2015-04-01 00:00:00","ruby","2499"
"2015-04-01 00:00:00","python","11411"
"2015-04-01 00:00:00","php","14893"
"2015-04-01 00:00:00","r","3321"
"2015-04-01 00:00:00","go","388"
"2015-04-01 00:00:00","delphi","388"
"2015-04-01 00:00:00","c#","13062"
"2015-05-01 00:00:00","assembly","368"
"2015-05-01 00:00:00","c","3516"
"2015-05-01 00:00:00","php","14518"
"2015-05-01 00:00:00","java","18511"
"2015-05-01 00:00:00","go","396"
"2015-05-01 00:00:00","c++","6806"
"2015-05-01 00:00:00","javascript","22104"
"2015-05-01 00:00:00","c#","13347"
"2015-05-01 00:00:00","swift","3789"
"2015-05-01 00:00:00","ruby","2503"
"2015-05-01 00:00:00","python","11199"
"2015-05-01 00:00:00","perl","527"
"2015-05-01 00:00:00","r","3419"
"2015-05-01 00:00:00","delphi","399"
"2015-06-01 00:00:00","assembly","267"
"2015-06-01 00:00:00","java","17829"
"2015-06-01 00:00:00","ruby","2576"
"2015-06-01 00:00:00","swift","4316"
"2015-06-01 00:00:00","c++","6508"
"2015-06-01 00:00:00","c#","13520"
"2015-06-01 00:00:00","javascript","22591"
"2015-06-01 00:00:00","r","3425"
"2015-06-01 00:00:00","c","3165"
"2015-06-01 00:00:00","python","11784"
"2015-06-01 00:00:00","go","421"
"2015-06-01 00:00:00","delphi","388"
"2015-06-01 00:00:00","perl","570"
"2015-06-01 00:00:00","php","14318"
"2015-07-01 00:00:00","go","466"
"2015-07-01 00:00:00","javascript","23949"
"2015-07-01 00:00:00","assembly","260"
"2015-07-01 00:00:00","java","18668"
"2015-07-01 00:00:00","c++","6696"
"2015-07-01 00:00:00","swift","5141"
"2015-07-01 00:00:00","c","2809"
"2015-07-01 00:00:00","python","12302"
"2015-07-01 00:00:00","c#","14102"
"2015-07-01 00:00:00","ruby","2581"
"2015-07-01 00:00:00","perl","578"
"2015-07-01 00:00:00","php","15337"
"2015-07-01 00:00:00","delphi","385"
"2015-07-01 00:00:00","r","3978"
"2015-08-01 00:00:00","java","17075"
"2015-08-01 00:00:00","c#","13221"
"2015-08-01 00:00:00","assembly","219"
"2015-08-01 00:00:00","javascript","22150"
"2015-08-01 00:00:00","go","448"
"2015-08-01 00:00:00","ruby","2313"
"2015-08-01 00:00:00","c++","5867"
"2015-08-01 00:00:00","python","11214"
"2015-08-01 00:00:00","perl","552"
"2015-08-01 00:00:00","php","14210"
"2015-08-01 00:00:00","r","3492"
"2015-08-01 00:00:00","c","2571"
"2015-08-01 00:00:00","delphi","387"
"2015-08-01 00:00:00","swift","5080"
"2015-09-01 00:00:00","c","3081"
"2015-09-01 00:00:00","c++","5904"
"2015-09-01 00:00:00","java","16930"
"2015-09-01 00:00:00","php","13480"
"2015-09-01 00:00:00","python","10955"
"2015-09-01 00:00:00","perl","465"
"2015-09-01 00:00:00","c#","12911"
"2015-09-01 00:00:00","go","420"
"2015-09-01 00:00:00","javascript","21388"
"2015-09-01 00:00:00","assembly","257"
"2015-09-01 00:00:00","ruby","2157"
"2015-09-01 00:00:00","delphi","358"
"2015-09-01 00:00:00","r","3329"
"2015-09-01 00:00:00","swift","4545"
"2015-10-01 00:00:00","c","3675"
"2015-10-01 00:00:00","assembly","430"
"2015-10-01 00:00:00","r","3679"
"2015-10-01 00:00:00","go","425"
"2015-10-01 00:00:00","c++","7046"
"2015-10-01 00:00:00","python","12463"
"2015-10-01 00:00:00","delphi","421"
"2015-10-01 00:00:00","java","18532"
"2015-10-01 00:00:00","javascript","21807"
"2015-10-01 00:00:00","ruby","2193"
"2015-10-01 00:00:00","swift","4292"
"2015-10-01 00:00:00","php","13875"
"2015-10-01 00:00:00","perl","497"
"2015-10-01 00:00:00","c#","12790"
"2015-11-01 00:00:00","go","433"
"2015-11-01 00:00:00","c#","12368"
"2015-11-01 00:00:00","javascript","21254"
"2015-11-01 00:00:00","perl","463"
"2015-11-01 00:00:00","assembly","403"
"2015-11-01 00:00:00","java","17756"
"2015-11-01 00:00:00","ruby","1956"
"2015-11-01 00:00:00","swift","4316"
"2015-11-01 00:00:00","python","12275"
"2015-11-01 00:00:00","c","3608"
"2015-11-01 00:00:00","php","13283"
"2015-11-01 00:00:00","r","3538"
"2015-11-01 00:00:00","c++","7080"
"2015-11-01 00:00:00","delphi","389"
"2015-12-01 00:00:00","perl","477"
"2015-12-01 00:00:00","python","11631"
"2015-12-01 00:00:00","delphi","314"
"2015-12-01 00:00:00","go","418"
"2015-12-01 00:00:00","javascript","21064"
"2015-12-01 00:00:00","c","3086"
"2015-12-01 00:00:00","c#","12131"
"2015-12-01 00:00:00","r","3178"
"2015-12-01 00:00:00","swift","4370"
"2015-12-01 00:00:00","assembly","352"
"2015-12-01 00:00:00","php","13700"
"2015-12-01 00:00:00","ruby","2028"
"2015-12-01 00:00:00","c++","6555"
"2015-12-01 00:00:00","java","16536"
"2016-01-01 00:00:00","delphi","318"
"2016-01-01 00:00:00","php","14523"
"2016-01-01 00:00:00","go","494"
"2016-01-01 00:00:00","c#","12351"
"2016-01-01 00:00:00","assembly","247"
"2016-01-01 00:00:00","java","16606"
"2016-01-01 00:00:00","c++","6094"
"2016-01-01 00:00:00","r","3534"
"2016-01-01 00:00:00","perl","445"
"2016-01-01 00:00:00","ruby","2142"
"2016-01-01 00:00:00","c","3040"
"2016-01-01 00:00:00","javascript","22494"
"2016-01-01 00:00:00","swift","4778"
"2016-01-01 00:00:00","python","12333"
"2016-02-01 00:00:00","python","13228"
"2016-02-01 00:00:00","ruby","2248"
"2016-02-01 00:00:00","delphi","355"
"2016-02-01 00:00:00","swift","4747"
"2016-02-01 00:00:00","perl","500"
"2016-02-01 00:00:00","java","17831"
"2016-02-01 00:00:00","c#","12719"
"2016-02-01 00:00:00","assembly","347"
"2016-02-01 00:00:00","go","541"
"2016-02-01 00:00:00","r","3587"
"2016-02-01 00:00:00","php","14861"
"2016-02-01 00:00:00","c","3274"
"2016-02-01 00:00:00","javascript","22455"
"2016-02-01 00:00:00","c++","6549"
"2016-03-01 00:00:00","go","593"
"2016-03-01 00:00:00","swift","5071"
"2016-03-01 00:00:00","assembly","436"
"2016-03-01 00:00:00","java","19884"
"2016-03-01 00:00:00","perl","467"
"2016-03-01 00:00:00","c#","13596"
"2016-03-01 00:00:00","c","3442"
"2016-03-01 00:00:00","javascript","24075"
"2016-03-01 00:00:00","ruby","2256"
"2016-03-01 00:00:00","php","15083"
"2016-03-01 00:00:00","c++","7010"
"2016-03-01 00:00:00","python","14045"
"2016-03-01 00:00:00","r","4041"
"2016-03-01 00:00:00","delphi","339"
"2016-04-01 00:00:00","r","4124"
"2016-04-01 00:00:00","php","14431"
"2016-04-01 00:00:00","go","602"
"2016-04-01 00:00:00","javascript","23434"
"2016-04-01 00:00:00","java","19460"
"2016-04-01 00:00:00","c#","13705"
"2016-04-01 00:00:00","python","13629"
"2016-04-01 00:00:00","delphi","324"
"2016-04-01 00:00:00","assembly","413"
"2016-04-01 00:00:00","ruby","2214"
"2016-04-01 00:00:00","swift","4744"
"2016-04-01 00:00:00","perl","492"
"2016-04-01 00:00:00","c","3349"
"2016-04-01 00:00:00","c++","6882"
"2016-05-01 00:00:00","assembly","324"
"2016-05-01 00:00:00","ruby","2131"
"2016-05-01 00:00:00","javascript","22970"
"2016-05-01 00:00:00","c","2720"
"2016-05-01 00:00:00","swift","4406"
"2016-05-01 00:00:00","java","16998"
"2016-05-01 00:00:00","perl","486"
"2016-05-01 00:00:00","php","14392"
"2016-05-01 00:00:00","c#","13482"
"2016-05-01 00:00:00","python","13088"
"2016-05-01 00:00:00","go","579"
"2016-05-01 00:00:00","r","3796"
"2016-05-01 00:00:00","delphi","337"
"2016-05-01 00:00:00","c++","6121"
"2016-06-01 00:00:00","javascript","22127"
"2016-06-01 00:00:00","python","12895"
"2016-06-01 00:00:00","r","3860"
"2016-06-01 00:00:00","assembly","290"
"2016-06-01 00:00:00","perl","435"
"2016-06-01 00:00:00","c++","5707"
"2016-06-01 00:00:00","java","15893"
"2016-06-01 00:00:00","c","2298"
"2016-06-01 00:00:00","php","13568"
"2016-06-01 00:00:00","c#","13041"
"2016-06-01 00:00:00","delphi","281"
"2016-06-01 00:00:00","ruby","2106"
"2016-06-01 00:00:00","go","548"
"2016-06-01 00:00:00","swift","4789"
"2016-07-01 00:00:00","java","14919"
"2016-07-01 00:00:00","javascript","22189"
"2016-07-01 00:00:00","swift","4928"
"2016-07-01 00:00:00","python","12804"
"2016-07-01 00:00:00","delphi","242"
"2016-07-01 00:00:00","c","2345"
"2016-07-01 00:00:00","c++","5460"
"2016-07-01 00:00:00","go","536"
"2016-07-01 00:00:00","c#","11987"
"2016-07-01 00:00:00","ruby","1899"
"2016-07-01 00:00:00","assembly","202"
"2016-07-01 00:00:00","perl","413"
"2016-07-01 00:00:00","r","3745"
"2016-07-01 00:00:00","php","12873"
"2016-08-01 00:00:00","ruby","1875"
"2016-08-01 00:00:00","c#","12707"
"2016-08-01 00:00:00","go","571"
"2016-08-01 00:00:00","javascript","22640"
"2016-08-01 00:00:00","c","2212"
"2016-08-01 00:00:00","r","3782"
"2016-08-01 00:00:00","python","12894"
"2016-08-01 00:00:00","swift","4896"
"2016-08-01 00:00:00","perl","460"
"2016-08-01 00:00:00","delphi","338"
"2016-08-01 00:00:00","java","15163"
"2016-08-01 00:00:00","assembly","256"
"2016-08-01 00:00:00","php","12844"
"2016-08-01 00:00:00","c++","5012"
"2016-09-01 00:00:00","delphi","287"
"2016-09-01 00:00:00","c#","11093"
"2016-09-01 00:00:00","c","2509"
"2016-09-01 00:00:00","swift","4850"
"2016-09-01 00:00:00","python","12325"
"2016-09-01 00:00:00","php","12092"
"2016-09-01 00:00:00","perl","462"
"2016-09-01 00:00:00","java","14646"
"2016-09-01 00:00:00","c++","5134"
"2016-09-01 00:00:00","ruby","1923"
"2016-09-01 00:00:00","assembly","335"
"2016-09-01 00:00:00","go","511"
"2016-09-01 00:00:00","javascript","20426"
"2016-09-01 00:00:00","r","3300"
"2016-10-01 00:00:00","c#","11441"
"2016-10-01 00:00:00","java","15304"
"2016-10-01 00:00:00","delphi","267"
"2016-10-01 00:00:00","python","13486"
"2016-10-01 00:00:00","ruby","1819"
"2016-10-01 00:00:00","swift","4725"
"2016-10-01 00:00:00","r","3785"
"2016-10-01 00:00:00","php","12224"
"2016-10-01 00:00:00","c++","5961"
"2016-10-01 00:00:00","javascript","20423"
"2016-10-01 00:00:00","c","3205"
"2016-10-01 00:00:00","assembly","398"
"2016-10-01 00:00:00","go","531"
"2016-10-01 00:00:00","perl","402"
"2016-11-01 00:00:00","assembly","412"
"2016-11-01 00:00:00","c","3259"
"2016-11-01 00:00:00","delphi","274"
"2016-11-01 00:00:00","php","11905"
"2016-11-01 00:00:00","perl","370"
"2016-11-01 00:00:00","java","15631"
"2016-11-01 00:00:00","c#","11641"
"2016-11-01 00:00:00","python","14161"
"2016-11-01 00:00:00","swift","4359"
"2016-11-01 00:00:00","ruby","1754"
"2016-11-01 00:00:00","javascript","20486"
"2016-11-01 00:00:00","c++","6064"
"2016-11-01 00:00:00","r","3557"
"2016-11-01 00:00:00","go","476"
"2016-12-01 00:00:00","r","3149"
"2016-12-01 00:00:00","go","495"
"2016-12-01 00:00:00","php","11442"
"2016-12-01 00:00:00","c#","10675"
"2016-12-01 00:00:00","java","13823"
"2016-12-01 00:00:00","python","13019"
"2016-12-01 00:00:00","javascript","19770"
"2016-12-01 00:00:00","ruby","1627"
"2016-12-01 00:00:00","c++","5218"
"2016-12-01 00:00:00","perl","336"
"2016-12-01 00:00:00","delphi","252"
"2016-12-01 00:00:00","swift","3924"
"2016-12-01 00:00:00","assembly","314"
"2016-12-01 00:00:00","c","2792"
"2017-01-01 00:00:00","python","14242"
"2017-01-01 00:00:00","delphi","285"
"2017-01-01 00:00:00","c#","11678"
"2017-01-01 00:00:00","r","3486"
"2017-01-01 00:00:00","go","559"
"2017-01-01 00:00:00","assembly","306"
"2017-01-01 00:00:00","php","12572"
"2017-01-01 00:00:00","swift","4330"
"2017-01-01 00:00:00","ruby","1821"
"2017-01-01 00:00:00","perl","325"
"2017-01-01 00:00:00","javascript","21370"
"2017-01-01 00:00:00","c","2754"
"2017-01-01 00:00:00","java","14536"
"2017-01-01 00:00:00","c++","5642"
"2017-02-01 00:00:00","python","14752"
"2017-02-01 00:00:00","javascript","21162"
"2017-02-01 00:00:00","perl","398"
"2017-02-01 00:00:00","delphi","303"
"2017-02-01 00:00:00","go","551"
"2017-02-01 00:00:00","r","3673"
"2017-02-01 00:00:00","c","2725"
"2017-02-01 00:00:00","c++","5162"
"2017-02-01 00:00:00","swift","4048"
"2017-02-01 00:00:00","php","12445"
"2017-02-01 00:00:00","ruby","1623"
"2017-02-01 00:00:00","assembly","301"
"2017-02-01 00:00:00","java","14537"
"2017-02-01 00:00:00","c#","11471"
"2017-03-01 00:00:00","javascript","23669"
"2017-03-01 00:00:00","delphi","304"
"2017-03-01 00:00:00","python","17104"
"2017-03-01 00:00:00","c++","6212"
"2017-03-01 00:00:00","c","2962"
"2017-03-01 00:00:00","php","13984"
"2017-03-01 00:00:00","go","651"
"2017-03-01 00:00:00","assembly","371"
"2017-03-01 00:00:00","c#","12974"
"2017-03-01 00:00:00","java","17284"
"2017-03-01 00:00:00","perl","409"
"2017-03-01 00:00:00","swift","4607"
"2017-03-01 00:00:00","ruby","1790"
"2017-03-01 00:00:00","r","4600"
"2017-04-01 00:00:00","c#","11077"
"2017-04-01 00:00:00","swift","3906"
"2017-04-01 00:00:00","javascript","21204"
"2017-04-01 00:00:00","delphi","263"
"2017-04-01 00:00:00","go","507"
"2017-04-01 00:00:00","python","15620"
"2017-04-01 00:00:00","c++","5865"
"2017-04-01 00:00:00","c","2848"
"2017-04-01 00:00:00","perl","369"
"2017-04-01 00:00:00","ruby","1486"
"2017-04-01 00:00:00","php","12344"
"2017-04-01 00:00:00","r","4261"
"2017-04-01 00:00:00","assembly","316"
"2017-04-01 00:00:00","java","15906"
"2017-05-01 00:00:00","c","2742"
"2017-05-01 00:00:00","go","583"
"2017-05-01 00:00:00","ruby","1519"
"2017-05-01 00:00:00","delphi","317"
"2017-05-01 00:00:00","r","4313"
"2017-05-01 00:00:00","javascript","22370"
"2017-05-01 00:00:00","php","12991"
"2017-05-01 00:00:00","c++","5292"
"2017-05-01 00:00:00","java","16311"
"2017-05-01 00:00:00","assembly","348"
"2017-05-01 00:00:00","perl","355"
"2017-05-01 00:00:00","c#","11964"
"2017-05-01 00:00:00","python","16157"
"2017-05-01 00:00:00","swift","4089"
"2017-06-01 00:00:00","ruby","1415"
"2017-06-01 00:00:00","c","2347"
"2017-06-01 00:00:00","c++","4673"
"2017-06-01 00:00:00","delphi","245"
"2017-06-01 00:00:00","java","14595"
"2017-06-01 00:00:00","assembly","240"
"2017-06-01 00:00:00","c#","11288"
"2017-06-01 00:00:00","php","11698"
"2017-06-01 00:00:00","swift","4191"
"2017-06-01 00:00:00","python","15983"
"2017-06-01 00:00:00","perl","312"
"2017-06-01 00:00:00","javascript","21552"
"2017-06-01 00:00:00","go","572"
"2017-06-01 00:00:00","r","4444"
"2017-07-01 00:00:00","javascript","21578"
"2017-07-01 00:00:00","c++","5008"
"2017-07-01 00:00:00","perl","323"
"2017-07-01 00:00:00","ruby","1521"
"2017-07-01 00:00:00","php","11712"
"2017-07-01 00:00:00","python","16882"
"2017-07-01 00:00:00","delphi","207"
"2017-07-01 00:00:00","c#","11192"
"2017-07-01 00:00:00","r","4576"
"2017-07-01 00:00:00","swift","4344"
"2017-07-01 00:00:00","assembly","220"
"2017-07-01 00:00:00","java","14098"
"2017-07-01 00:00:00","c","2040"
"2017-07-01 00:00:00","go","654"
"2017-08-01 00:00:00","ruby","1392"
"2017-08-01 00:00:00","go","607"
"2017-08-01 00:00:00","javascript","21312"
"2017-08-01 00:00:00","java","13737"
"2017-08-01 00:00:00","swift","4172"
"2017-08-01 00:00:00","python","16460"
"2017-08-01 00:00:00","c#","10939"
"2017-08-01 00:00:00","c","2038"
"2017-08-01 00:00:00","r","4565"
"2017-08-01 00:00:00","php","11590"
"2017-08-01 00:00:00","perl","356"
"2017-08-01 00:00:00","delphi","290"
"2017-08-01 00:00:00","c++","4784"
"2017-08-01 00:00:00","assembly","216"
"2017-09-01 00:00:00","c++","4462"
"2017-09-01 00:00:00","ruby","1222"
"2017-09-01 00:00:00","swift","3756"
"2017-09-01 00:00:00","javascript","18960"
"2017-09-01 00:00:00","c#","9858"
"2017-09-01 00:00:00","assembly","229"
"2017-09-01 00:00:00","java","12731"
"2017-09-01 00:00:00","c","2098"
"2017-09-01 00:00:00","delphi","260"
"2017-09-01 00:00:00","perl","297"
"2017-09-01 00:00:00","go","544"
"2017-09-01 00:00:00","r","4220"
"2017-09-01 00:00:00","php","10644"
"2017-09-01 00:00:00","python","15431"
"2017-10-01 00:00:00","r","4542"
"2017-10-01 00:00:00","c","2772"
"2017-10-01 00:00:00","perl","333"
"2017-10-01 00:00:00","c#","10215"
"2017-10-01 00:00:00","java","13979"
"2017-10-01 00:00:00","assembly","332"
"2017-10-01 00:00:00","c++","5210"
"2017-10-01 00:00:00","go","614"
"2017-10-01 00:00:00","ruby","1298"
"2017-10-01 00:00:00","swift","3893"
"2017-10-01 00:00:00","php","10788"
"2017-10-01 00:00:00","delphi","221"
"2017-10-01 00:00:00","python","16922"
"2017-10-01 00:00:00","javascript","19830"
"2017-11-01 00:00:00","c++","5029"
"2017-11-01 00:00:00","delphi","200"
"2017-11-01 00:00:00","ruby","1174"
"2017-11-01 00:00:00","c#","9774"
"2017-11-01 00:00:00","php","10555"
"2017-11-01 00:00:00","perl","265"
"2017-11-01 00:00:00","swift","3662"
"2017-11-01 00:00:00","java","14152"
"2017-11-01 00:00:00","python","16938"
"2017-11-01 00:00:00","javascript","19383"
"2017-11-01 00:00:00","c","2947"
"2017-11-01 00:00:00","r","4501"
"2017-11-01 00:00:00","assembly","384"
"2017-11-01 00:00:00","go","655"
"2017-12-01 00:00:00","perl","237"
"2017-12-01 00:00:00","javascript","16941"
"2017-12-01 00:00:00","python","14904"
"2017-12-01 00:00:00","c","2191"
"2017-12-01 00:00:00","c#","8583"
"2017-12-01 00:00:00","delphi","187"
"2017-12-01 00:00:00","php","9081"
"2017-12-01 00:00:00","swift","3196"
"2017-12-01 00:00:00","c++","4452"
"2017-12-01 00:00:00","assembly","247"
"2017-12-01 00:00:00","java","11963"
"2017-12-01 00:00:00","ruby","1018"
"2017-12-01 00:00:00","go","524"
"2017-12-01 00:00:00","r","3713"
"2018-01-01 00:00:00","c#","9359"
"2018-01-01 00:00:00","ruby","1160"
"2018-01-01 00:00:00","php","10068"
"2018-01-01 00:00:00","c++","4744"
"2018-01-01 00:00:00","perl","245"
"2018-01-01 00:00:00","swift","3736"
"2018-01-01 00:00:00","go","542"
"2018-01-01 00:00:00","delphi","195"
"2018-01-01 00:00:00","java","12324"
"2018-01-01 00:00:00","javascript","18879"
"2018-01-01 00:00:00","r","4198"
"2018-01-01 00:00:00","assembly","253"
"2018-01-01 00:00:00","python","16212"
"2018-01-01 00:00:00","c","2212"
"2018-02-01 00:00:00","assembly","281"
"2018-02-01 00:00:00","ruby","1031"
"2018-02-01 00:00:00","c","2140"
"2018-02-01 00:00:00","javascript","17200"
"2018-02-01 00:00:00","c++","4565"
"2018-02-01 00:00:00","delphi","213"
"2018-02-01 00:00:00","swift","3399"
"2018-02-01 00:00:00","go","581"
"2018-02-01 00:00:00","java","12012"
"2018-02-01 00:00:00","perl","231"
"2018-02-01 00:00:00","c#","8568"
"2018-02-01 00:00:00","php","9082"
"2018-02-01 00:00:00","python","16282"
"2018-02-01 00:00:00","r","4499"
"2018-03-01 00:00:00","java","13539"
"2018-03-01 00:00:00","r","5102"
"2018-03-01 00:00:00","python","17877"
"2018-03-01 00:00:00","assembly","317"
"2018-03-01 00:00:00","c","2460"
"2018-03-01 00:00:00","delphi","218"
"2018-03-01 00:00:00","ruby","1061"
"2018-03-01 00:00:00","c#","9776"
"2018-03-01 00:00:00","javascript","19127"
"2018-03-01 00:00:00","c++","5172"
"2018-03-01 00:00:00","php","9791"
"2018-03-01 00:00:00","go","603"
"2018-03-01 00:00:00","swift","4041"
"2018-03-01 00:00:00","perl","288"
"2018-04-01 00:00:00","ruby","985"
"2018-04-01 00:00:00","java","13463"
"2018-04-01 00:00:00","assembly","321"
"2018-04-01 00:00:00","swift","3565"
"2018-04-01 00:00:00","delphi","204"
"2018-04-01 00:00:00","python","16944"
"2018-04-01 00:00:00","r","4727"
"2018-04-01 00:00:00","c","2182"
"2018-04-01 00:00:00","perl","253"
"2018-04-01 00:00:00","javascript","17938"
"2018-04-01 00:00:00","go","618"
"2018-04-01 00:00:00","php","8905"
"2018-04-01 00:00:00","c++","4657"
"2018-04-01 00:00:00","c#","9227"
"2018-05-01 00:00:00","php","9408"
"2018-05-01 00:00:00","python","17546"
"2018-05-01 00:00:00","delphi","193"
"2018-05-01 00:00:00","c","2366"
"2018-05-01 00:00:00","java","13439"
"2018-05-01 00:00:00","c++","4678"
"2018-05-01 00:00:00","r","4731"
"2018-05-01 00:00:00","c#","9910"
"2018-05-01 00:00:00","swift","3612"
"2018-05-01 00:00:00","javascript","18048"
"2018-05-01 00:00:00","go","630"
"2018-05-01 00:00:00","ruby","1033"
"2018-05-01 00:00:00","perl","242"
"2018-05-01 00:00:00","assembly","295"
"2018-06-01 00:00:00","r","4482"
"2018-06-01 00:00:00","python","16778"
"2018-06-01 00:00:00","c#","8778"
"2018-06-01 00:00:00","java","11768"
"2018-06-01 00:00:00","delphi","186"
"2018-06-01 00:00:00","javascript","17167"
"2018-06-01 00:00:00","assembly","205"
"2018-06-01 00:00:00","go","673"
"2018-06-01 00:00:00","php","8400"
"2018-06-01 00:00:00","c++","4084"
"2018-06-01 00:00:00","ruby","989"
"2018-06-01 00:00:00","perl","238"
"2018-06-01 00:00:00","c","1830"
"2018-06-01 00:00:00","swift","3135"
"2018-07-01 00:00:00","go","687"
"2018-07-01 00:00:00","r","4403"
"2018-07-01 00:00:00","java","11725"
"2018-07-01 00:00:00","c","1597"
"2018-07-01 00:00:00","c#","9388"
"2018-07-01 00:00:00","python","17917"
"2018-07-01 00:00:00","javascript","17798"
"2018-07-01 00:00:00","php","8525"
"2018-07-01 00:00:00","assembly","182"
"2018-07-01 00:00:00","delphi","206"
"2018-07-01 00:00:00","ruby","940"
"2018-07-01 00:00:00","swift","3664"
"2018-07-01 00:00:00","c++","3906"
"2018-07-01 00:00:00","perl","246"
"2018-08-01 00:00:00","java","11285"
"2018-08-01 00:00:00","assembly","176"
"2018-08-01 00:00:00","c","1676"
"2018-08-01 00:00:00","ruby","875"
"2018-08-01 00:00:00","python","17718"
"2018-08-01 00:00:00","delphi","204"
"2018-08-01 00:00:00","php","8452"
"2018-08-01 00:00:00","c#","9471"
"2018-08-01 00:00:00","perl","227"
"2018-08-01 00:00:00","c++","3899"
"2018-08-01 00:00:00","r","4100"
"2018-08-01 00:00:00","swift","3562"
"2018-08-01 00:00:00","javascript","17838"
"2018-08-01 00:00:00","go","704"
"2018-09-01 00:00:00","c","1830"
"2018-09-01 00:00:00","c++","3734"
"2018-09-01 00:00:00","r","3749"
"2018-09-01 00:00:00","assembly","256"
"2018-09-01 00:00:00","php","7627"
"2018-09-01 00:00:00","ruby","776"
"2018-09-01 00:00:00","swift","3134"
"2018-09-01 00:00:00","delphi","181"
"2018-09-01 00:00:00","javascript","15984"
"2018-09-01 00:00:00","c#","8347"
"2018-09-01 00:00:00","python","16000"
"2018-09-01 00:00:00","java","10696"
"2018-09-01 00:00:00","go","671"
"2018-09-01 00:00:00","perl","205"
"2018-10-01 00:00:00","r","4352"
"2018-10-01 00:00:00","php","8129"
"2018-10-01 00:00:00","javascript","17388"
"2018-10-01 00:00:00","swift","3262"
"2018-10-01 00:00:00","delphi","222"
"2018-10-01 00:00:00","java","12475"
"2018-10-01 00:00:00","ruby","896"
"2018-10-01 00:00:00","perl","277"
"2018-10-01 00:00:00","c","2443"
"2018-10-01 00:00:00","c++","4296"
"2018-10-01 00:00:00","python","18121"
"2018-10-01 00:00:00","c#","9325"
"2018-10-01 00:00:00","assembly","320"
"2018-10-01 00:00:00","go","790"
"2018-11-01 00:00:00","python","17985"
"2018-11-01 00:00:00","ruby","833"
"2018-11-01 00:00:00","javascript","16153"
"2018-11-01 00:00:00","perl","235"
"2018-11-01 00:00:00","c++","4334"
"2018-11-01 00:00:00","java","11675"
"2018-11-01 00:00:00","go","717"
"2018-11-01 00:00:00","c","2515"
"2018-11-01 00:00:00","assembly","301"
"2018-11-01 00:00:00","delphi","179"
"2018-11-01 00:00:00","swift","2974"
"2018-11-01 00:00:00","php","7046"
"2018-11-01 00:00:00","r","4222"
"2018-11-01 00:00:00","c#","8457"
"2018-12-01 00:00:00","python","15700"
"2018-12-01 00:00:00","php","6186"
"2018-12-01 00:00:00","c#","7532"
"2018-12-01 00:00:00","ruby","806"
"2018-12-01 00:00:00","go","656"
"2018-12-01 00:00:00","c++","3550"
"2018-12-01 00:00:00","r","3397"
"2018-12-01 00:00:00","assembly","221"
"2018-12-01 00:00:00","swift","2777"
"2018-12-01 00:00:00","c","2188"
"2018-12-01 00:00:00","java","10419"
"2018-12-01 00:00:00","javascript","14247"
"2018-12-01 00:00:00","perl","220"
"2018-12-01 00:00:00","delphi","175"
"2019-01-01 00:00:00","delphi","215"
"2019-01-01 00:00:00","ruby","916"
"2019-01-01 00:00:00","c++","3901"
"2019-01-01 00:00:00","javascript","16001"
"2019-01-01 00:00:00","c","2275"
"2019-01-01 00:00:00","assembly","218"
"2019-01-01 00:00:00","swift","2899"
"2019-01-01 00:00:00","r","3941"
"2019-01-01 00:00:00","perl","264"
"2019-01-01 00:00:00","java","10997"
"2019-01-01 00:00:00","c#","8728"
"2019-01-01 00:00:00","go","653"
"2019-01-01 00:00:00","php","7141"
"2019-01-01 00:00:00","python","16916"
"2019-02-01 00:00:00","c#","8332"
"2019-02-01 00:00:00","java","10966"
"2019-02-01 00:00:00","c","2050"
"2019-02-01 00:00:00","javascript","15664"
"2019-02-01 00:00:00","ruby","786"
"2019-02-01 00:00:00","go","626"
"2019-02-01 00:00:00","delphi","190"
"2019-02-01 00:00:00","r","4242"
"2019-02-01 00:00:00","python","17501"
"2019-02-01 00:00:00","swift","2674"
"2019-02-01 00:00:00","php","7233"
"2019-02-01 00:00:00","c++","3724"
"2019-02-01 00:00:00","perl","250"
"2019-02-01 00:00:00","assembly","224"
"2019-03-01 00:00:00","r","4486"
"2019-03-01 00:00:00","go","721"
"2019-03-01 00:00:00","php","7745"
"2019-03-01 00:00:00","javascript","17299"
"2019-03-01 00:00:00","swift","2941"
"2019-03-01 00:00:00","delphi","186"
"2019-03-01 00:00:00","c++","4417"
"2019-03-01 00:00:00","perl","231"
"2019-03-01 00:00:00","c","2374"
"2019-03-01 00:00:00","python","19862"
"2019-03-01 00:00:00","java","12008"
"2019-03-01 00:00:00","c#","8943"
"2019-03-01 00:00:00","ruby","843"
"2019-03-01 00:00:00","assembly","276"
"2019-04-01 00:00:00","c++","4367"
"2019-04-01 00:00:00","swift","3065"
"2019-04-01 00:00:00","javascript","16135"
"2019-04-01 00:00:00","c","2425"
"2019-04-01 00:00:00","c#","9090"
"2019-04-01 00:00:00","r","4592"
"2019-04-01 00:00:00","ruby","767"
"2019-04-01 00:00:00","perl","205"
"2019-04-01 00:00:00","python","19793"
"2019-04-01 00:00:00","php","7127"
"2019-04-01 00:00:00","java","11136"
"2019-04-01 00:00:00","go","650"
"2019-04-01 00:00:00","assembly","303"
"2019-04-01 00:00:00","delphi","204"
"2019-05-01 00:00:00","php","6912"
"2019-05-01 00:00:00","java","11056"
"2019-05-01 00:00:00","r","4293"
"2019-05-01 00:00:00","assembly","234"
"2019-05-01 00:00:00","c","2086"
"2019-05-01 00:00:00","python","18874"
"2019-05-01 00:00:00","javascript","16109"
"2019-05-01 00:00:00","perl","221"
"2019-05-01 00:00:00","swift","3096"
"2019-05-01 00:00:00","delphi","170"
"2019-05-01 00:00:00","c++","4118"
"2019-05-01 00:00:00","go","672"
"2019-05-01 00:00:00","c#","9004"
"2019-05-01 00:00:00","ruby","760"
"2019-06-01 00:00:00","go","526"
"2019-06-01 00:00:00","java","9607"
"2019-06-01 00:00:00","php","5976"
"2019-06-01 00:00:00","assembly","199"
"2019-06-01 00:00:00","python","17186"
"2019-06-01 00:00:00","perl","235"
"2019-06-01 00:00:00","c++","3635"
"2019-06-01 00:00:00","r","3940"
"2019-06-01 00:00:00","swift","3082"
"2019-06-01 00:00:00","c#","7586"
"2019-06-01 00:00:00","c","1724"
"2019-06-01 00:00:00","javascript","14775"
"2019-06-01 00:00:00","delphi","134"
"2019-06-01 00:00:00","ruby","703"
"2019-07-01 00:00:00","php","6624"
"2019-07-01 00:00:00","delphi","164"
"2019-07-01 00:00:00","java","10805"
"2019-07-01 00:00:00","ruby","758"
"2019-07-01 00:00:00","perl","236"
"2019-07-01 00:00:00","r","4196"
"2019-07-01 00:00:00","go","624"
"2019-07-01 00:00:00","swift","3030"
"2019-07-01 00:00:00","c++","4260"
"2019-07-01 00:00:00","javascript","16115"
"2019-07-01 00:00:00","c#","8425"
"2019-07-01 00:00:00","assembly","187"
"2019-07-01 00:00:00","python","19715"
"2019-07-01 00:00:00","c","1747"
"2019-08-01 00:00:00","swift","2529"
"2019-08-01 00:00:00","java","9059"
"2019-08-01 00:00:00","assembly","166"
"2019-08-01 00:00:00","c++","3281"
"2019-08-01 00:00:00","python","17994"
"2019-08-01 00:00:00","r","3948"
"2019-08-01 00:00:00","javascript","15181"
"2019-08-01 00:00:00","c","1547"
"2019-08-01 00:00:00","perl","192"
"2019-08-01 00:00:00","php","5779"
"2019-08-01 00:00:00","c#","7690"
"2019-08-01 00:00:00","delphi","174"
"2019-08-01 00:00:00","ruby","779"
"2019-08-01 00:00:00","go","629"
"2019-09-01 00:00:00","delphi","145"
"2019-09-01 00:00:00","ruby","715"
"2019-09-01 00:00:00","swift","2547"
"2019-09-01 00:00:00","assembly","221"
"2019-09-01 00:00:00","c#","7829"
"2019-09-01 00:00:00","c++","3771"
"2019-09-01 00:00:00","perl","199"
"2019-09-01 00:00:00","python","16846"
"2019-09-01 00:00:00","java","9640"
"2019-09-01 00:00:00","go","616"
"2019-09-01 00:00:00","r","3933"
"2019-09-01 00:00:00","javascript","14840"
"2019-09-01 00:00:00","c","2000"
"2019-09-01 00:00:00","php","5530"
"2019-10-01 00:00:00","c++","4826"
"2019-10-01 00:00:00","java","11175"
"2019-10-01 00:00:00","c#","8396"
"2019-10-01 00:00:00","go","632"
"2019-10-01 00:00:00","c","2473"
"2019-10-01 00:00:00","ruby","847"
"2019-10-01 00:00:00","swift","3095"
"2019-10-01 00:00:00","php","6020"
"2019-10-01 00:00:00","delphi","151"
"2019-10-01 00:00:00","assembly","317"
"2019-10-01 00:00:00","r","4378"
"2019-10-01 00:00:00","perl","208"
"2019-10-01 00:00:00","javascript","15946"
"2019-10-01 00:00:00","python","20400"
"2019-11-01 00:00:00","php","6063"
"2019-11-01 00:00:00","java","10290"
"2019-11-01 00:00:00","go","603"
"2019-11-01 00:00:00","swift","2864"
"2019-11-01 00:00:00","javascript","15727"
"2019-11-01 00:00:00","c#","8004"
"2019-11-01 00:00:00","assembly","282"
"2019-11-01 00:00:00","c++","4716"
"2019-11-01 00:00:00","r","4279"
"2019-11-01 00:00:00","python","20543"
"2019-11-01 00:00:00","ruby","684"
"2019-11-01 00:00:00","c","2504"
"2019-11-01 00:00:00","perl","219"
"2019-11-01 00:00:00","delphi","171"
"2019-12-01 00:00:00","r","3737"
"2019-12-01 00:00:00","php","5200"
"2019-12-01 00:00:00","go","614"
"2019-12-01 00:00:00","c++","4185"
"2019-12-01 00:00:00","delphi","125"
"2019-12-01 00:00:00","java","8992"
"2019-12-01 00:00:00","javascript","14287"
"2019-12-01 00:00:00","c#","7189"
"2019-12-01 00:00:00","ruby","667"
"2019-12-01 00:00:00","swift","2654"
"2019-12-01 00:00:00","perl","157"
"2019-12-01 00:00:00","c","2139"
"2019-12-01 00:00:00","assembly","247"
"2019-12-01 00:00:00","python","18064"
"2020-01-01 00:00:00","perl","165"
"2020-01-01 00:00:00","c#","7782"
"2020-01-01 00:00:00","delphi","163"
"2020-01-01 00:00:00","swift","2890"
"2020-01-01 00:00:00","c","2049"
"2020-01-01 00:00:00","assembly","229"
"2020-01-01 00:00:00","python","19924"
"2020-01-01 00:00:00","php","5874"
"2020-01-01 00:00:00","c++","4217"
"2020-01-01 00:00:00","ruby","761"
"2020-01-01 00:00:00","javascript","15985"
"2020-01-01 00:00:00","go","647"
"2020-01-01 00:00:00","java","9917"
"2020-01-01 00:00:00","r","4141"
"2020-02-01 00:00:00","c","1976"
"2020-02-01 00:00:00","c++","4067"
"2020-02-01 00:00:00","perl","178"
"2020-02-01 00:00:00","java","10011"
"2020-02-01 00:00:00","swift","2755"
"2020-02-01 00:00:00","assembly","270"
"2020-02-01 00:00:00","c#","7695"
"2020-02-01 00:00:00","go","661"
"2020-02-01 00:00:00","r","4669"
"2020-02-01 00:00:00","python","19988"
"2020-02-01 00:00:00","ruby","653"
"2020-02-01 00:00:00","php","5636"
"2020-02-01 00:00:00","javascript","15717"
"2020-02-01 00:00:00","delphi","156"
"2020-03-01 00:00:00","javascript","17531"
"2020-03-01 00:00:00","perl","196"
"2020-03-01 00:00:00","c#","7773"
"2020-03-01 00:00:00","c","2475"
"2020-03-01 00:00:00","ruby","711"
"2020-03-01 00:00:00","c++","4633"
"2020-03-01 00:00:00","php","5644"
"2020-03-01 00:00:00","python","22608"
"2020-03-01 00:00:00","delphi","166"
"2020-03-01 00:00:00","go","652"
"2020-03-01 00:00:00","r","5115"
"2020-03-01 00:00:00","java","11031"
"2020-03-01 00:00:00","assembly","293"
"2020-03-01 00:00:00","swift","2906"
"2020-04-01 00:00:00","c++","6197"
"2020-04-01 00:00:00","ruby","766"
"2020-04-01 00:00:00","python","27569"
"2020-04-01 00:00:00","javascript","20855"
"2020-04-01 00:00:00","c","3247"
"2020-04-01 00:00:00","java","12571"
"2020-04-01 00:00:00","swift","3440"
"2020-04-01 00:00:00","perl","220"
"2020-04-01 00:00:00","assembly","378"
"2020-04-01 00:00:00","r","6166"
"2020-04-01 00:00:00","c#","8560"
"2020-04-01 00:00:00","delphi","231"
"2020-04-01 00:00:00","php","6592"
"2020-04-01 00:00:00","go","795"
"2020-05-01 00:00:00","c","3360"
"2020-05-01 00:00:00","ruby","695"
"2020-05-01 00:00:00","assembly","358"
"2020-05-01 00:00:00","c#","8574"
"2020-05-01 00:00:00","php","6488"
"2020-05-01 00:00:00","perl","213"
"2020-05-01 00:00:00","delphi","201"
"2020-05-01 00:00:00","swift","3509"
"2020-05-01 00:00:00","c++","6384"
"2020-05-01 00:00:00","java","11991"
"2020-05-01 00:00:00","javascript","21445"
"2020-05-01 00:00:00","r","6005"
"2020-05-01 00:00:00","python","29372"
"2020-05-01 00:00:00","go","751"
"2020-06-01 00:00:00","javascript","19768"
"2020-06-01 00:00:00","r","5431"
"2020-06-01 00:00:00","swift","3150"
"2020-06-01 00:00:00","go","706"
"2020-06-01 00:00:00","c#","7886"
"2020-06-01 00:00:00","c","2582"
"2020-06-01 00:00:00","assembly","329"
"2020-06-01 00:00:00","java","10796"
"2020-06-01 00:00:00","ruby","613"
"2020-06-01 00:00:00","c++","5612"
"2020-06-01 00:00:00","perl","198"
"2020-06-01 00:00:00","python","27047"
"2020-06-01 00:00:00","php","5902"
"2020-06-01 00:00:00","delphi","202"
"2020-07-01 00:00:00","python","26235"
"2020-07-01 00:00:00","perl","176"
"2020-07-01 00:00:00","go","641"
"2020-07-01 00:00:00","r","4935"
"2020-07-01 00:00:00","delphi","193"
"2020-07-01 00:00:00","swift","2981"
"2020-07-01 00:00:00","c","2093"
"2020-07-01 00:00:00","assembly","271"
"2020-07-01 00:00:00","c#","7792"
"2020-07-01 00:00:00","ruby","697"
"2020-07-01 00:00:00","javascript","19843"
"2020-07-01 00:00:00","php","5918"
"2020-07-01 00:00:00","java","10421"
"2020-07-01 00:00:00","c++","5159"
"2020-08-01 00:00:00","delphi","182"
"2020-08-01 00:00:00","javascript","17999"
"2020-08-01 00:00:00","go","706"
"2020-08-01 00:00:00","php","4963"
"2020-08-01 00:00:00","perl","192"
"2020-08-01 00:00:00","r","4492"
"2020-08-01 00:00:00","c++","4769"
"2020-08-01 00:00:00","java","9286"
"2020-08-01 00:00:00","ruby","553"
"2020-08-01 00:00:00","c","1890"
"2020-08-01 00:00:00","python","22972"
"2020-08-01 00:00:00","swift","2673"
"2020-08-01 00:00:00","c#","7048"
"2020-08-01 00:00:00","assembly","265"
"2020-09-01 00:00:00","assembly","294"
"2020-09-01 00:00:00","delphi","172"
"2020-09-01 00:00:00","php","4754"
"2020-09-01 00:00:00","javascript","16748"
"2020-09-01 00:00:00","c#","6441"
"2020-09-01 00:00:00","go","728"
"2020-09-01 00:00:00","ruby","513"
"2020-09-01 00:00:00","c++","3910"
"2020-09-01 00:00:00","swift","2549"
"2020-09-01 00:00:00","java","8914"
"2020-09-01 00:00:00","perl","166"
"2020-09-01 00:00:00","c","2144"
"2020-09-01 00:00:00","r","4751"
"2020-09-01 00:00:00","python","21693"
"2020-10-01 00:00:00","c++","4318"
"2020-10-01 00:00:00","delphi","180"
"2020-10-01 00:00:00","swift","2313"
"2020-10-01 00:00:00","c","2364"
"2020-10-01 00:00:00","php","4563"
"2020-10-01 00:00:00","perl","171"
"2020-10-01 00:00:00","java","8911"
"2020-10-01 00:00:00","python","22756"
"2020-10-01 00:00:00","ruby","491"
"2020-10-01 00:00:00","r","5064"
"2020-10-01 00:00:00","c#","6180"
"2020-10-01 00:00:00","javascript","16395"
"2020-10-01 00:00:00","go","590"
"2020-10-01 00:00:00","assembly","343"
"2020-11-01 00:00:00","go","525"
"2020-11-01 00:00:00","javascript","15487"
"2020-11-01 00:00:00","c++","4309"
"2020-11-01 00:00:00","delphi","193"
"2020-11-01 00:00:00","r","4802"
"2020-11-01 00:00:00","java","8454"
"2020-11-01 00:00:00","swift","2158"
"2020-11-01 00:00:00","ruby","500"
"2020-11-01 00:00:00","perl","150"
"2020-11-01 00:00:00","c#","5969"
"2020-11-01 00:00:00","assembly","374"
"2020-11-01 00:00:00","python","22112"
"2020-11-01 00:00:00","c","2690"
"2020-11-01 00:00:00","php","4602"
"2020-12-01 00:00:00","c++","4440"
"2020-12-01 00:00:00","ruby","498"
"2020-12-01 00:00:00","swift","2093"
"2020-12-01 00:00:00","assembly","299"
"2020-12-01 00:00:00","r","4335"
"2020-12-01 00:00:00","php","4780"
"2020-12-01 00:00:00","perl","131"
"2020-12-01 00:00:00","python","22126"
"2020-12-01 00:00:00","java","7789"
"2020-12-01 00:00:00","c","2638"
"2020-12-01 00:00:00","go","535"
"2020-12-01 00:00:00","delphi","190"
"2020-12-01 00:00:00","javascript","15989"
"2020-12-01 00:00:00","c#","5720"
"2021-01-01 00:00:00","perl","145"
"2021-01-01 00:00:00","r","4338"
"2021-01-01 00:00:00","assembly","308"
"2021-01-01 00:00:00","ruby","522"
"2021-01-01 00:00:00","delphi","199"
"2021-01-01 00:00:00","javascript","16846"
"2021-01-01 00:00:00","python","22823"
"2021-01-01 00:00:00","php","4740"
"2021-01-01 00:00:00","java","8006"
"2021-01-01 00:00:00","swift","2305"
"2021-01-01 00:00:00","c#","6181"
"2021-01-01 00:00:00","c++","4098"
"2021-01-01 00:00:00","c","2564"
"2021-01-01 00:00:00","go","566"
"2021-02-01 00:00:00","assembly","244"
"2021-02-01 00:00:00","swift","2253"
"2021-02-01 00:00:00","delphi","187"
"2021-02-01 00:00:00","c++","4086"
"2021-02-01 00:00:00","go","567"
"2021-02-01 00:00:00","java","7562"
"2021-02-01 00:00:00","php","4368"
"2021-02-01 00:00:00","c#","5786"
"2021-02-01 00:00:00","perl","133"
"2021-02-01 00:00:00","r","4323"
"2021-02-01 00:00:00","ruby","530"
"2021-02-01 00:00:00","python","21363"
"2021-02-01 00:00:00","javascript","15251"
"2021-02-01 00:00:00","c","2234"
"2021-03-01 00:00:00","c","2480"
"2021-03-01 00:00:00","php","4735"
"2021-03-01 00:00:00","ruby","497"
"2021-03-01 00:00:00","go","755"
"2021-03-01 00:00:00","perl","152"
"2021-03-01 00:00:00","delphi","254"
"2021-03-01 00:00:00","assembly","321"
"2021-03-01 00:00:00","java","8642"
"2021-03-01 00:00:00","r","5168"
"2021-03-01 00:00:00","javascript","16735"
"2021-03-01 00:00:00","swift","2375"
"2021-03-01 00:00:00","c++","4289"
"2021-03-01 00:00:00","python","23764"
"2021-03-01 00:00:00","c#","6376"
"2021-04-01 00:00:00","ruby","517"
"2021-04-01 00:00:00","delphi","171"
"2021-04-01 00:00:00","javascript","15830"
"2021-04-01 00:00:00","swift","2110"
"2021-04-01 00:00:00","java","7898"
"2021-04-01 00:00:00","perl","136"
"2021-04-01 00:00:00","go","623"
"2021-04-01 00:00:00","c++","3927"
"2021-04-01 00:00:00","php","4292"
"2021-04-01 00:00:00","r","4793"
"2021-04-01 00:00:00","python","22352"
"2021-04-01 00:00:00","assembly","319"
"2021-04-01 00:00:00","c#","5889"
"2021-04-01 00:00:00","c","2292"
"2021-05-01 00:00:00","ruby","399"
"2021-05-01 00:00:00","assembly","300"
"2021-05-01 00:00:00","perl","120"
"2021-05-01 00:00:00","r","4663"
"2021-05-01 00:00:00","c++","4176"
"2021-05-01 00:00:00","php","4245"
"2021-05-01 00:00:00","c","2081"
"2021-05-01 00:00:00","python","22338"
"2021-05-01 00:00:00","delphi","169"
"2021-05-01 00:00:00","javascript","15787"
"2021-05-01 00:00:00","java","7928"
"2021-05-01 00:00:00","swift","1857"
"2021-05-01 00:00:00","go","642"
"2021-05-01 00:00:00","c#","5720"
"2021-06-01 00:00:00","c++","3810"
"2021-06-01 00:00:00","javascript","14977"
"2021-06-01 00:00:00","php","4063"
"2021-06-01 00:00:00","r","4276"
"2021-06-01 00:00:00","delphi","125"
"2021-06-01 00:00:00","go","608"
"2021-06-01 00:00:00","assembly","261"
"2021-06-01 00:00:00","c#","5613"
"2021-06-01 00:00:00","c","1862"
"2021-06-01 00:00:00","perl","154"
"2021-06-01 00:00:00","python","20840"
"2021-06-01 00:00:00","java","7567"
"2021-06-01 00:00:00","ruby","418"
"2021-06-01 00:00:00","swift","1784"
"2021-07-01 00:00:00","javascript","14735"
"2021-07-01 00:00:00","java","6933"
"2021-07-01 00:00:00","assembly","183"
"2021-07-01 00:00:00","php","3876"
"2021-07-01 00:00:00","r","4042"
"2021-07-01 00:00:00","python","20529"
"2021-07-01 00:00:00","ruby","445"
"2021-07-01 00:00:00","go","603"
"2021-07-01 00:00:00","perl","138"
"2021-07-01 00:00:00","delphi","140"
"2021-07-01 00:00:00","swift","1960"
"2021-07-01 00:00:00","c#","5197"
"2021-07-01 00:00:00","c++","3486"
"2021-07-01 00:00:00","c","1616"
"2021-08-01 00:00:00","ruby","445"
"2021-08-01 00:00:00","php","3851"
"2021-08-01 00:00:00","assembly","161"
"2021-08-01 00:00:00","perl","118"
"2021-08-01 00:00:00","python","19775"
"2021-08-01 00:00:00","delphi","136"
"2021-08-01 00:00:00","go","745"
"2021-08-01 00:00:00","r","4032"
"2021-08-01 00:00:00","java","6732"
"2021-08-01 00:00:00","javascript","14600"
"2021-08-01 00:00:00","c++","3234"
"2021-08-01 00:00:00","c#","5095"
"2021-08-01 00:00:00","swift","1886"
"2021-08-01 00:00:00","c","1530"
"2021-09-01 00:00:00","go","620"
"2021-09-01 00:00:00","delphi","134"
"2021-09-01 00:00:00","c++","3584"
"2021-09-01 00:00:00","r","3898"
"2021-09-01 00:00:00","ruby","444"
"2021-09-01 00:00:00","c#","5041"
"2021-09-01 00:00:00","perl","112"
"2021-09-01 00:00:00","python","18963"
"2021-09-01 00:00:00","assembly","192"
"2021-09-01 00:00:00","c","1701"
"2021-09-01 00:00:00","swift","1617"
"2021-09-01 00:00:00","java","6588"
"2021-09-01 00:00:00","javascript","14385"
"2021-09-01 00:00:00","php","3682"
"2021-10-01 00:00:00","python","19745"
"2021-10-01 00:00:00","c++","3706"
"2021-10-01 00:00:00","go","699"
"2021-10-01 00:00:00","c","2087"
"2021-10-01 00:00:00","delphi","143"
"2021-10-01 00:00:00","assembly","203"
"2021-10-01 00:00:00","java","6544"
"2021-10-01 00:00:00","swift","1563"
"2021-10-01 00:00:00","r","4172"
"2021-10-01 00:00:00","perl","127"
"2021-10-01 00:00:00","c#","5270"
"2021-10-01 00:00:00","php","3572"
"2021-10-01 00:00:00","ruby","414"
"2021-10-01 00:00:00","javascript","13799"
"2021-11-01 00:00:00","r","4026"
"2021-11-01 00:00:00","c#","5580"
"2021-11-01 00:00:00","c","2201"
"2021-11-01 00:00:00","delphi","140"
"2021-11-01 00:00:00","assembly","285"
"2021-11-01 00:00:00","javascript","13451"
"2021-11-01 00:00:00","perl","77"
"2021-11-01 00:00:00","java","6893"
"2021-11-01 00:00:00","c++","3798"
"2021-11-01 00:00:00","php","3475"
"2021-11-01 00:00:00","swift","1530"
"2021-11-01 00:00:00","ruby","393"
"2021-11-01 00:00:00","python","19997"
"2021-11-01 00:00:00","go","650"
"2021-12-01 00:00:00","go","720"
"2021-12-01 00:00:00","perl","101"
"2021-12-01 00:00:00","assembly","266"
"2021-12-01 00:00:00","c","2093"
"2021-12-01 00:00:00","java","6168"
"2021-12-01 00:00:00","ruby","372"
"2021-12-01 00:00:00","delphi","143"
"2021-12-01 00:00:00","python","18979"
"2021-12-01 00:00:00","c++","3559"
"2021-12-01 00:00:00","c#","5015"
"2021-12-01 00:00:00","php","3230"
"2021-12-01 00:00:00","r","3538"
"2021-12-01 00:00:00","javascript","13052"
"2021-12-01 00:00:00","swift","1416"
"2022-01-01 00:00:00","java","6428"
"2022-01-01 00:00:00","c++","3603"
"2022-01-01 00:00:00","go","739"
"2022-01-01 00:00:00","c#","5255"
"2022-01-01 00:00:00","r","3841"
"2022-01-01 00:00:00","perl","126"
"2022-01-01 00:00:00","php","3372"
"2022-01-01 00:00:00","python","19647"
"2022-01-01 00:00:00","delphi","134"
"2022-01-01 00:00:00","assembly","228"
"2022-01-01 00:00:00","javascript","13937"
"2022-01-01 00:00:00","ruby","443"
"2022-01-01 00:00:00","c","1950"
"2022-01-01 00:00:00","swift","1726"
"2022-02-01 00:00:00","javascript","12794"
"2022-02-01 00:00:00","c","1673"
"2022-02-01 00:00:00","java","5912"
"2022-02-01 00:00:00","c#","5085"
"2022-02-01 00:00:00","php","3104"
"2022-02-01 00:00:00","ruby","404"
"2022-02-01 00:00:00","swift","1599"
"2022-02-01 00:00:00","delphi","166"
"2022-02-01 00:00:00","r","3909"
"2022-02-01 00:00:00","c++","3188"
"2022-02-01 00:00:00","perl","96"
"2022-02-01 00:00:00","assembly","213"
"2022-02-01 00:00:00","python","19217"
"2022-02-01 00:00:00","go","644"
"2022-03-01 00:00:00","assembly","233"
"2022-03-01 00:00:00","delphi","120"
"2022-03-01 00:00:00","c#","5668"
"2022-03-01 00:00:00","r","4481"
"2022-03-01 00:00:00","go","758"
"2022-03-01 00:00:00","c++","3502"
"2022-03-01 00:00:00","java","6565"
"2022-03-01 00:00:00","swift","1738"
"2022-03-01 00:00:00","php","3122"
"2022-03-01 00:00:00","python","20707"
"2022-03-01 00:00:00","c","1948"
"2022-03-01 00:00:00","perl","103"
"2022-03-01 00:00:00","ruby","444"
"2022-03-01 00:00:00","javascript","13581"
"2022-04-01 00:00:00","assembly","245"
"2022-04-01 00:00:00","c","1739"
"2022-04-01 00:00:00","c#","5196"
"2022-04-01 00:00:00","r","4175"
"2022-04-01 00:00:00","ruby","431"
"2022-04-01 00:00:00","php","3175"
"2022-04-01 00:00:00","perl","100"
"2022-04-01 00:00:00","swift","1450"
"2022-04-01 00:00:00","go","715"
"2022-04-01 00:00:00","javascript","13474"
"2022-04-01 00:00:00","delphi","113"
"2022-04-01 00:00:00","python","19830"
"2022-04-01 00:00:00","c++","3481"
"2022-04-01 00:00:00","java","6361"
"2022-05-01 00:00:00","c#","5488"
"2022-05-01 00:00:00","c","1765"
"2022-05-01 00:00:00","java","6474"
"2022-05-01 00:00:00","assembly","258"
"2022-05-01 00:00:00","delphi","119"
"2022-05-01 00:00:00","go","607"
"2022-05-01 00:00:00","r","4134"
"2022-05-01 00:00:00","perl","91"
"2022-05-01 00:00:00","ruby","436"
"2022-05-01 00:00:00","c++","3528"
"2022-05-01 00:00:00","javascript","13312"
"2022-05-01 00:00:00","php","3366"
"2022-05-01 00:00:00","swift","1461"
"2022-05-01 00:00:00","python","19392"
"2022-06-01 00:00:00","javascript","12632"
"2022-06-01 00:00:00","c++","3081"
"2022-06-01 00:00:00","r","3887"
"2022-06-01 00:00:00","c#","5302"
"2022-06-01 00:00:00","assembly","239"
"2022-06-01 00:00:00","python","18755"
"2022-06-01 00:00:00","php","3192"
"2022-06-01 00:00:00","swift","1512"
"2022-06-01 00:00:00","java","5707"
"2022-06-01 00:00:00","c","1561"
"2022-06-01 00:00:00","delphi","110"
"2022-06-01 00:00:00","go","677"
"2022-06-01 00:00:00","perl","123"
"2022-06-01 00:00:00","ruby","426"
"2022-07-01 00:00:00","php","3096"
"2022-07-01 00:00:00","perl","126"
"2022-07-01 00:00:00","c#","5223"
"2022-07-01 00:00:00","r","3664"
"2022-07-01 00:00:00","c","1385"
"2022-07-01 00:00:00","c++","2993"
"2022-07-01 00:00:00","delphi","116"
"2022-07-01 00:00:00","go","685"
"2022-07-01 00:00:00","javascript","12751"
"2022-07-01 00:00:00","ruby","404"
"2022-07-01 00:00:00","assembly","203"
"2022-07-01 00:00:00","python","19024"
"2022-07-01 00:00:00","java","5401"
"2022-07-01 00:00:00","swift","1467"
"2022-08-01 00:00:00","ruby","424"
"2022-08-01 00:00:00","java","5309"
"2022-08-01 00:00:00","perl","116"
"2022-08-01 00:00:00","php","3111"
"2022-08-01 00:00:00","c","1434"
"2022-08-01 00:00:00","delphi","117"
"2022-08-01 00:00:00","r","3785"
"2022-08-01 00:00:00","go","793"
"2022-08-01 00:00:00","c++","2950"
"2022-08-01 00:00:00","javascript","13067"
"2022-08-01 00:00:00","assembly","161"
"2022-08-01 00:00:00","python","18662"
"2022-08-01 00:00:00","c#","5486"
"2022-08-01 00:00:00","swift","1480"
"2022-09-01 00:00:00","php","2828"
"2022-09-01 00:00:00","go","786"
"2022-09-01 00:00:00","python","17064"
"2022-09-01 00:00:00","c++","2774"
"2022-09-01 00:00:00","java","5040"
"2022-09-01 00:00:00","r","3538"
"2022-09-01 00:00:00","c#","4995"
"2022-09-01 00:00:00","swift","1493"
"2022-09-01 00:00:00","ruby","401"
"2022-09-01 00:00:00","c","1550"
"2022-09-01 00:00:00","perl","82"
"2022-09-01 00:00:00","assembly","173"
"2022-09-01 00:00:00","delphi","133"
"2022-09-01 00:00:00","javascript","11886"
"2022-10-01 00:00:00","javascript","11662"
"2022-10-01 00:00:00","python","18516"
"2022-10-01 00:00:00","c++","2926"
"2022-10-01 00:00:00","c","1892"
"2022-10-01 00:00:00","perl","81"
"2022-10-01 00:00:00","java","5296"
"2022-10-01 00:00:00","assembly","226"
"2022-10-01 00:00:00","ruby","373"
"2022-10-01 00:00:00","delphi","137"
"2022-10-01 00:00:00","r","3912"
"2022-10-01 00:00:00","php","2764"
"2022-10-01 00:00:00","swift","1327"
"2022-10-01 00:00:00","go","690"
"2022-10-01 00:00:00","c#","5041"
"2022-11-01 00:00:00","php","2784"
"2022-11-01 00:00:00","c#","5176"
"2022-11-01 00:00:00","javascript","11759"
"2022-11-01 00:00:00","ruby","414"
"2022-11-01 00:00:00","assembly","270"
"2022-11-01 00:00:00","c","2007"
"2022-11-01 00:00:00","python","18863"
"2022-11-01 00:00:00","delphi","107"
"2022-11-01 00:00:00","go","697"
"2022-11-01 00:00:00","java","5416"
"2022-11-01 00:00:00","swift","1436"
"2022-11-01 00:00:00","c++","2969"
"2022-11-01 00:00:00","perl","107"
"2022-11-01 00:00:00","r","4003"
"2022-12-01 00:00:00","c","1726"
"2022-12-01 00:00:00","ruby","344"
"2022-12-01 00:00:00","assembly","261"
"2022-12-01 00:00:00","swift","1232"
"2022-12-01 00:00:00","php","2362"
"2022-12-01 00:00:00","delphi","81"
"2022-12-01 00:00:00","perl","94"
"2022-12-01 00:00:00","c++","2616"
"2022-12-01 00:00:00","javascript","10309"
"2022-12-01 00:00:00","python","15874"
"2022-12-01 00:00:00","java","4807"
"2022-12-01 00:00:00","c#","4664"
"2022-12-01 00:00:00","go","600"
"2022-12-01 00:00:00","r","3213"
"2023-01-01 00:00:00","php","2542"
"2023-01-01 00:00:00","assembly","231"
"2023-01-01 00:00:00","perl","72"
"2023-01-01 00:00:00","ruby","327"
"2023-01-01 00:00:00","java","4713"
"2023-01-01 00:00:00","delphi","108"
"2023-01-01 00:00:00","swift","1207"
"2023-01-01 00:00:00","c#","4715"
"2023-01-01 00:00:00","c","1445"
"2023-01-01 00:00:00","javascript","10086"
"2023-01-01 00:00:00","r","3259"
"2023-01-01 00:00:00","python","15028"
"2023-01-01 00:00:00","go","691"
"2023-01-01 00:00:00","c++","2419"
"2023-02-01 00:00:00","javascript","8522"
"2023-02-01 00:00:00","delphi","121"
"2023-02-01 00:00:00","perl","79"
"2023-02-01 00:00:00","ruby","318"
"2023-02-01 00:00:00","c#","4127"
"2023-02-01 00:00:00","c","1233"
"2023-02-01 00:00:00","assembly","172"
"2023-02-01 00:00:00","python","13064"
"2023-02-01 00:00:00","php","2012"
"2023-02-01 00:00:00","r","3269"
"2023-02-01 00:00:00","java","4098"
"2023-02-01 00:00:00","c++","2045"
"2023-02-01 00:00:00","swift","1065"
"2023-02-01 00:00:00","go","622"
"2023-03-01 00:00:00","ruby","265"
"2023-03-01 00:00:00","c","1186"
"2023-03-01 00:00:00","go","602"
"2023-03-01 00:00:00","c#","4243"
"2023-03-01 00:00:00","python","12820"
"2023-03-01 00:00:00","r","3298"
"2023-03-01 00:00:00","javascript","8546"
"2023-03-01 00:00:00","assembly","160"
"2023-03-01 00:00:00","php","1880"
"2023-03-01 00:00:00","delphi","124"
"2023-03-01 00:00:00","c++","2339"
"2023-03-01 00:00:00","swift","1133"
"2023-03-01 00:00:00","java","4474"
"2023-03-01 00:00:00","perl","95"
"2023-04-01 00:00:00","delphi","121"
"2023-04-01 00:00:00","php","1863"
"2023-04-01 00:00:00","c","1169"
"2023-04-01 00:00:00","swift","1044"
"2023-04-01 00:00:00","ruby","215"
"2023-04-01 00:00:00","r","2981"
"2023-04-01 00:00:00","python","11863"
"2023-04-01 00:00:00","assembly","191"
"2023-04-01 00:00:00","perl","56"
"2023-04-01 00:00:00","java","4272"
"2023-04-01 00:00:00","c++","1918"
"2023-04-01 00:00:00","c#","3689"
"2023-04-01 00:00:00","go","504"
"2023-04-01 00:00:00","javascript","7897"
"2023-05-01 00:00:00","java","4154"
"2023-05-01 00:00:00","swift","986"
"2023-05-01 00:00:00","assembly","173"
"2023-05-01 00:00:00","r","2858"
"2023-05-01 00:00:00","python","11755"
"2023-05-01 00:00:00","c#","3806"
"2023-05-01 00:00:00","go","414"
"2023-05-01 00:00:00","delphi","114"
"2023-05-01 00:00:00","c","1042"
"2023-05-01 00:00:00","ruby","253"
"2023-05-01 00:00:00","javascript","7715"
"2023-05-01 00:00:00","perl","54"
"2023-05-01 00:00:00","php","1960"
"2023-05-01 00:00:00","c++","1771"
"2023-06-01 00:00:00","c#","3785"
"2023-06-01 00:00:00","javascript","7451"
"2023-06-01 00:00:00","go","517"
"2023-06-01 00:00:00","php","1889"
"2023-06-01 00:00:00","delphi","116"
"2023-06-01 00:00:00","c++","1804"
"2023-06-01 00:00:00","swift","1123"
"2023-06-01 00:00:00","assembly","155"
"2023-06-01 00:00:00","python","11192"
"2023-06-01 00:00:00","java","4257"
"2023-06-01 00:00:00","perl","54"
"2023-06-01 00:00:00","c","885"
"2023-06-01 00:00:00","r","2653"
"2023-06-01 00:00:00","ruby","225"
"2023-07-01 00:00:00","ruby","224"
"2023-07-01 00:00:00","c#","3853"
"2023-07-01 00:00:00","c++","1837"
"2023-07-01 00:00:00","c","913"
"2023-07-01 00:00:00","go","520"
"2023-07-01 00:00:00","python","11060"
"2023-07-01 00:00:00","delphi","99"
"2023-07-01 00:00:00","r","2359"
"2023-07-01 00:00:00","perl","68"
"2023-07-01 00:00:00","swift","1143"
"2023-07-01 00:00:00","javascript","7485"
"2023-07-01 00:00:00","php","1730"
"2023-07-01 00:00:00","assembly","160"
"2023-07-01 00:00:00","java","4033"
"2023-08-01 00:00:00","java","3801"
"2023-08-01 00:00:00","assembly","143"
"2023-08-01 00:00:00","go","490"
"2023-08-01 00:00:00","javascript","6737"
"2023-08-01 00:00:00","python","10194"
"2023-08-01 00:00:00","swift","965"
"2023-08-01 00:00:00","perl","49"
"2023-08-01 00:00:00","r","2356"
"2023-08-01 00:00:00","ruby","201"
"2023-08-01 00:00:00","php","1751"
"2023-08-01 00:00:00","c","859"
"2023-08-01 00:00:00","c#","3633"
"2023-08-01 00:00:00","delphi","106"
"2023-08-01 00:00:00","c++","1661"
"2023-09-01 00:00:00","perl","60"
"2023-09-01 00:00:00","php","1665"
"2023-09-01 00:00:00","java","3317"
"2023-09-01 00:00:00","delphi","105"
"2023-09-01 00:00:00","swift","857"
"2023-09-01 00:00:00","c#","3041"
"2023-09-01 00:00:00","python","8601"
"2023-09-01 00:00:00","assembly","155"
"2023-09-01 00:00:00","r","2033"
"2023-09-01 00:00:00","c","870"
"2023-09-01 00:00:00","ruby","191"
"2023-09-01 00:00:00","go","424"
"2023-09-01 00:00:00","c++","1483"
"2023-09-01 00:00:00","javascript","5673"
"2023-10-01 00:00:00","c++","1703"
"2023-10-01 00:00:00","java","3412"
"2023-10-01 00:00:00","go","420"
"2023-10-01 00:00:00","delphi","165"
"2023-10-01 00:00:00","assembly","172"
"2023-10-01 00:00:00","perl","53"
"2023-10-01 00:00:00","swift","897"
"2023-10-01 00:00:00","c#","3180"
"2023-10-01 00:00:00","c","969"
"2023-10-01 00:00:00","r","2061"
"2023-10-01 00:00:00","python","8972"
"2023-10-01 00:00:00","ruby","193"
"2023-10-01 00:00:00","javascript","5438"
"2023-10-01 00:00:00","php","1523"
"2023-11-01 00:00:00","r","1991"
"2023-11-01 00:00:00","java","3273"
"2023-11-01 00:00:00","swift","864"
"2023-11-01 00:00:00","perl","44"
"2023-11-01 00:00:00","javascript","5183"
"2023-11-01 00:00:00","ruby","153"
"2023-11-01 00:00:00","assembly","172"
"2023-11-01 00:00:00","delphi","103"
"2023-11-01 00:00:00","python","8450"
"2023-11-01 00:00:00","c++","1466"
"2023-11-01 00:00:00","php","1397"
"2023-11-01 00:00:00","c#","3105"
"2023-11-01 00:00:00","go","408"
"2023-11-01 00:00:00","c","958"
"2023-12-01 00:00:00","swift","740"
"2023-12-01 00:00:00","javascript","4762"
"2023-12-01 00:00:00","delphi","75"
"2023-12-01 00:00:00","ruby","154"
"2023-12-01 00:00:00","php","1207"
"2023-12-01 00:00:00","c","876"
"2023-12-01 00:00:00","go","326"
"2023-12-01 00:00:00","assembly","181"
"2023-12-01 00:00:00","perl","53"
"2023-12-01 00:00:00","java","2536"
"2023-12-01 00:00:00","c#","2645"
"2023-12-01 00:00:00","python","6993"
"2023-12-01 00:00:00","r","1602"
"2023-12-01 00:00:00","c++","1428"
"2024-01-01 00:00:00","r","1807"
"2024-01-01 00:00:00","ruby","163"
"2024-01-01 00:00:00","c","825"
"2024-01-01 00:00:00","assembly","176"
"2024-01-01 00:00:00","python","7756"
"2024-01-01 00:00:00","c++","1579"
"2024-01-01 00:00:00","delphi","89"
"2024-01-01 00:00:00","php","1400"
"2024-01-01 00:00:00","java","2864"
"2024-01-01 00:00:00","c#","2685"
"2024-01-01 00:00:00","go","345"
"2024-01-01 00:00:00","perl","34"
"2024-01-01 00:00:00","javascript","5128"
"2024-01-01 00:00:00","swift","867"
"2024-02-01 00:00:00","java","2796"
"2024-02-01 00:00:00","ruby","157"
"2024-02-01 00:00:00","javascript","4769"
"2024-02-01 00:00:00","c#","2708"
"2024-02-01 00:00:00","go","306"
"2024-02-01 00:00:00","c++","1443"
"2024-02-01 00:00:00","c","774"
"2024-02-01 00:00:00","php","1305"
"2024-02-01 00:00:00","r","1825"
"2024-02-01 00:00:00","swift","671"
"2024-02-01 00:00:00","assembly","134"
"2024-02-01 00:00:00","delphi","110"
"2024-02-01 00:00:00","perl","36"
"2024-02-01 00:00:00","python","7836"
"2024-03-01 00:00:00","php","1590"
"2024-03-01 00:00:00","c#","2884"
"2024-03-01 00:00:00","r","1790"
"2024-03-01 00:00:00","go","385"
"2024-03-01 00:00:00","assembly","155"
"2024-03-01 00:00:00","delphi","105"
"2024-03-01 00:00:00","java","3332"
"2024-03-01 00:00:00","ruby","147"
"2024-03-01 00:00:00","c++","1611"
"2024-03-01 00:00:00","perl","52"
"2024-03-01 00:00:00","python","8419"
"2024-03-01 00:00:00","c","797"
"2024-03-01 00:00:00","javascript","5336"
"2024-03-01 00:00:00","swift","814"